경성 탐정 이상 5,김재희,https://image.aladin.co.kr/product/25636/16/cover500/k752735319_1.jpg,"책소개
2012년 한국추리문학 대상을 거머쥔 <경성 탐정 이상>과 2016년 세종도서 문학나눔 부문에 선정된 <경성 탐정 이상 2 : 공중여왕의 면류관>, 1930년대 경성 그 자체를 소재로 삼은 <경성 탐정 이상 3 : 해섬마을의 불놀이야> <경성 탐정 이상 4 : 마리 앤티크 사교구락부>에 이어 마지막 이야기 <경성 탐정 이상 5 : 거울방 환시기>가 독자를 찾는다.

경성을 중심으로 팔도를 누볐던 상과 구보가 이번에 찾은 곳은 외국과의 교역이 그 어느 곳보다 활발한 인천이다. 개항 이후 외세의 침탈과 신문화의 유입이 동시에 이루어졌던 그곳에서 상과 구보는 경성의 명운을 건 최후의 모험을 시작한다.",http://www.aladin.co.kr/shop/wproduct.aspx?ItemId=256361607&amp;partner=openAPI&amp;start=api
"부디, 얼지 않게끔",강민영,https://image.aladin.co.kr/product/25632/12/cover500/8954445403_1.jpg,"책소개
제3회 자음과모음 경장편소설상을 수상한 『부디, 얼지 않게끔』이 자음과모음 새소설 시리즈 여덟 번째 책으로 출간되었다. 강민영 작가의 첫 소설이자 첫 세계다. “가장 신뢰할 수 있는 문장”(노태훈 평론가) “신인의 패기”(소영현 평론가) “정확한 문장으로 세계를 직조해낼 줄 아는 작가”(안보윤 소설가)라는 찬사를 받고 등장한 강민영 작가의 소설은 특히나 읽는 사람의 마음을 가만가만 움직인다.

“얼른 다른 사람들에게 보여주고 싶다는 마음”(이종산 소설가)이 들게 하는 이야기. 이 시대의 불안한 삶을 예민하게 드러내면서도 타인과 맺는 관계와 사람들의 선의를 통해 더 따뜻하고 밝은 곳으로 나아갈 수 있다는 희망을 말하는 듯하다.

소설은 어느새 변온인간이 되어 있다는 걸 깨닫게 되는 ‘나(최인경)’의 시점에서 전개된다. 달라진 내가 겪고 마주하는 봄, 여름, 가을, 겨울, 사계절이 담겨 있다. 그리고 내 옆에는 직장 동료 송희진이 있다. 공기를 가르며 달리고, 푸르른 산길을 오르고, 밥을 나누어 먹고, 쉼 없이 메시지를 주고받으며 서로의 체온을 확인했던, 서로를 믿고 의지하고 도와주는 두 여성의 잔잔하고 단란한 연대가 소설에서 그려진다.",http://www.aladin.co.kr/shop/wproduct.aspx?ItemId=256321204&amp;partner=openAPI&amp;start=api
"걸어도, 걸어도",조도영,https://image.aladin.co.kr/product/25631/33/cover500/k752735215_1.jpg,"책소개
전태일의 노동해방, 인간해방 정신을 기념하기 위해 1988년 제정된 '전태일문학상'이 2020년 올해로 28회째를 맞았다. 특히 올해는 1970년 11월 13일 스물세 살의 나이로 세상을 떠난 청년 전태일이 50주기를 맞이하는 해이다. 많은 문학상이 생겨났다 사라졌다를 반복하고 있지만, 전태일문학상은 모든 노동자의 이름으로 불리는 전태일처럼 여전히 '삶과 함께하는 문학'의 자리를 굳건히 지키고 있다.

제28회 전태일 전태일문학상은 309명이 1,208편의 시를, 소설은 134명이 170편의 소설을, 116명이 149편의 생활글을, 6명이 6편의 르포를 응모하였으며, 제15회 전태일청소년문학상은 101명이 307편의 시를, 145명이 145편의 산문을, 14명이 14편의 독후감을 응모하였다.

시 부문 당선작은 '시민의 삶을 축약된 언어로' 표현한 「장미아파트」외 4편이며, 소설 부문은 투박한 문장 속에 용솟음치는 진정성으로 묘사한 「어금니」가 선정되었다. 생활글 부문 당선작 「걸어도, 걸어도」는 평생 노동자로 산 아버지의 병간호를 통해 서로를 이해하는 과정을 서정적으로 그렸으며, 특히 올해부터 생활글과 별도로 공모한 르포 부문 당선작 「다크 투어」는 아시아 곳곳을 찾아다니며 기록되지 않은 역사를 드러냄으로써 기록은 그 자체로 연대의 한 방식임을 깨닫게 한다.",http://www.aladin.co.kr/shop/wproduct.aspx?ItemId=256313388&amp;partner=openAPI&amp;start=api
[세트] 운명게임 1~2 세트 - 전2권,박상우,https://image.aladin.co.kr/product/25630/57/cover500/k152735215_1.jpg,"책소개
이상문학상 수상 작가 박상우가 4년 만에 출간한 장편소설. 30여 년간 성실하고도 집요하게 소설을 써온 박상우 작가는 항상 이전과는 다른 새로운 스타일의 이야기를 만들고자 수많은 실험과 쇄신을 시도해 왔다. 그의 도전 정신은 이번 소설 <운명게임>에서 더욱 다채롭게 발휘된다.

이상문학상 수상 작가 박상우가 4년 만에 신작 장편소설 <운명게임>(전 2권)을 출간했다. 30여 년간 성실하고도 집요하게 소설을 써온 박상우 작가는 항상 이전과는 다른 새로운 스타일의 이야기를 만들고자 수많은 실험과 쇄신을 시도해 왔다. 그의 도전 정신은 이번 소설 <운명게임>에서 더욱 다채롭게 발휘된다.

<운명게임>은 본격소설, SF, 판타지가 한데 어우러진 복합 장르물로서, '인간', '영혼', '자유의지' 등의 철학적 주제를 우주적 상상력을 통해 속도감 있는 이야기로 펼쳐낸다.

소설은 주인공 '이보리'가 등장하는 영역과 그 소설을 집필하는 작가 '나'가 등장하는 영역이 하나하나 교차되어 제시된다. 서로 다른 층위의 영역이 설정되고, 각 영역이 서로 유기적으로 연결·소통되는 이 같은 구조는 '나', '인간', '지구'와 같은 한정된 경계를 벗어나 무한한 우주적 원리를 탐구하고자 하는 이 책의 주제의식을 드러내고 있다.

소설의 주인공 이보리는 명상과 수행을 통해 우주적 에너지와 교신하며 <인간 문제의 궁극에 대한 답>이라는 책을 집필한다. 그 책을 계기로 어느 날 비밀에 싸인 한 노인의 상담역을 제안받은 그는 노인을 상대로 불교와 기독교, 과학과 초과학을 넘나드는 인생 문답을 펼쳐가게 된다.",http://www.aladin.co.kr/shop/wproduct.aspx?ItemId=256305745&amp;partner=openAPI&amp;start=api
곰의 부탁 (양장),진형민,https://image.aladin.co.kr/product/25613/39/cover500/8954675468_1.jpg,"책소개
문학동네 청소년 49권. 2012년 창비 좋은어린이책 대상을 받은 이래 출간하는 동화마다 큰 사랑을 받아 온 작가 진형민이 청소년 독자를 위해 펴내는 첫 번째 책이다. 총 일곱 편의 작품을 모은 <곰의 부탁> 속 인물들은 모두 청소년이지만, ‘청소년’이라는 이름으로 뭉뚱그려 지칭되곤 하는 집단으로 획일화될 수 없다. 작가가 오랫동안 그 곁을 지키며 마음속에 층층이 축적해 온 한 명 한 명의 아이들 모습이 녹아 있기에, 이야기 속 아이들의 삶 하나하나가 고유하다.

경쾌한 템포로, 그렇지만 흩날리지는 않고 단정하게 흘러가는 문장들이 일곱 편의 소설을 이룬다. 소설 속 갑갑하고 무거운 상황을 가뿐하고도 무심하게 툭툭 풀어내는 능숙함, 그 사이사이에 위트와 유머를 쉼표처럼 박아 놓는 진형민 특유의 노련함이 응축되어 있다. 덕분에 이 책의 독자는 웃게 될 것이 분명하지만, 가끔은 이야기 속 인물과 함께 세상을 향한 욕지거리를 내뱉고 말 것이며 끝내는 울게 될지도 모른다.

독자들이 <곰의 부탁>으로 만나게 될 아이들은 “경계 위의, 경계 밖의 청소년”(송현민)이자 “탁한 풍경 속에서 버티며 살고 있던 진짜 아이들”(송미경)이기 때문이다. 결국 <곰의 부탁>은 부조리와 그로 인한 불안이 도사리고 있는, 느닷없는 폭력의 가능성마저 감내해야 하는 이 세계를 꿋꿋이 살아가는 아이들의 이야기다. 웃기지만 하나도 웃기지 않은 이 이야기의 장르는, 말하자면 “웃기지도 않은 코미디”(「곰의 부탁」)인 것이다.",http://www.aladin.co.kr/shop/wproduct.aspx?ItemId=256133909&amp;partner=openAPI&amp;start=api
세계를 건너 너에게 갈게 (양장),이꽃님,https://image.aladin.co.kr/product/25611/81/cover500/8954675603_1.jpg,"책소개
제8회 문학동네청소년문학상 대상을 받은 이꽃님 작가의 장편소설 <세계를 건너 너에게 갈게>가 양장본으로 출간됐다. ‘은유’라는 똑같은 이름을 가진 두 사람이 시공간을 초월해 편지를 주고받으며 펼쳐지는 이 이야기는 드라마와 영화로 제작 중이며, 2020년 현재 일본, 대만, 태국에 판권이 수출되었다.

2016년, 아빠의 재혼을 앞두고 은유는 마음이 어수선하다. 한 번도 가진 적 없었던 엄마라는 존재가 생길 예정이지만, 자신을 낳아 준 엄마에 대해선 아무것도 모른다. 세상에 존재했는지조차 의심스러울 만큼 비밀에 싸인 엄마. 게다가 아빠는 부재하는 것이나 다름없고 새엄마가 될 ‘그 여자’의 존재는 껄끄럽다.

그런 은유에게 아빠는 ‘1년 뒤의 자신에게’ 편지를 써 보라고 제안한다. 은유의 그 편지는 엉뚱하게도 34년의 시간을 거슬러 1982년에 사는 또 다른 은유에게 도착한다. 신조어들이 잔뜩 쓰인 은유의 편지를 받고 간첩이라고 의심하는 과거의 은유와 누군가 장난으로 답장을 보내고 있다고 오해한 현재의 은유. 삐걱이며 시작된 둘의 관계는 ‘행운의 동전’을 시작으로 점차 오해가 풀리며 고민과 비밀을 터놓는 사이로 발전한다.",http://www.aladin.co.kr/shop/wproduct.aspx?ItemId=256118133&amp;partner=openAPI&amp;start=api
[세트] 복자에게 + 룸스프레이,김금희,https://image.aladin.co.kr/product/25611/60/cover500/k732735116_1.jpg,"책소개
단단한 시선과 위트 있는 문체로 인간의 보편적 불행과 슬픔을 보듬는 작가 김금희의 두번째 장편소설. '우울이 디폴트'인 일상을 견디게 해주는 찬란한 순간을 날렵하게 포착해내는 김금희의 소설은 무심한 듯 다정한 인물들이 만들어내는 따뜻한 장면들을 다채롭게 그려내며 수많은 독자의 신뢰와 사랑을 받아왔다.

평단의 끊임없는 지지와 더불어 2015년 신동엽문학상, 2016년 젊은작가상 대상, 2017년 현대문학상, 2019년 우현예술상, 2020년 김승옥문학상 대상 등 유수의 문학상을 연달아 수상한 김금희는 이제 '언제나 믿고 읽는' 독보적인 작가가 되었다.

첫 장편 <경애의 마음>(2018)에서 모든 이들의 마음의 안부를 물었던 작가는 <복자에게>에서 한 사람의 인생을 꺾이고 무너지게 만드는 '실패'에 대해 쓴다. 부모의 사업 실패로 가세가 기울어 제주의 한 부속 섬으로 이주해야 했던 소녀 '이영초롱'이 훗날 판사가 되어 또 한번 제주로 좌천되면서 펼쳐지는 이야기 속에서 이영초롱과 그 곁의 소중한 사람들은 미처 봉합하지 못한 과거의 상처를 아프도록 선명하게 마주한다.

그러나 김금희의 인물들은 제주의 아름다운 풍광과 섬사람들의 강인한 생활에 서서히 녹아들면서, 어떤 실패들에 걸려 넘어졌던 마음을 다시금 일으켜세울 수 있도록 스스로를 치유해나간다.",http://www.aladin.co.kr/shop/wproduct.aspx?ItemId=256116035&amp;partner=openAPI&amp;start=api
꿈에 찾아와 줘,박송주,https://image.aladin.co.kr/product/25605/67/cover500/k972735111_1.jpg,"책소개
스물한 개의 일러스트와 스물한 개의 마이크로 픽션으로 구성된 책이다. 대개, 일러스트가 책의 세계를 보완하기 위해 부수적으로 그려지는 것과 달리 이 책은 권아림 작가의 일러스트가 먼저 그려졌고, 박송주 작가가 일러스트를 바탕으로 이야기를 창작했다. 일러스트가 이 소설집의 세계관인 것이다.

권아림 작가가 초대한 세계에서 촉발된 스물한 개의 이야기가 다양한 감정을 담아내고 때로는 확장한다. 뉴 노멀(New Normal) 시대를 살아가는 우리의 현재에서부터, 전염병에 대한 공포와 불안, 앞날에 대한 희망을 품고 있는 스토리, 전염병이 사라진 이후의 일상과 그 안에서 누군가를 상실한 사람들의 감정과 그러면서도 현재를 살아가기 위해 애쓰는 인물, 혼자 도시 공간에서 삶에 대한 긴장과 불안을 이겨내기 위해 애쓰는 인물들의 담담한 스토리 등 다양한 마이크로 픽션을 감상할 수 있다.",http://www.aladin.co.kr/shop/wproduct.aspx?ItemId=256056722&amp;partner=openAPI&amp;start=api
찾고 싶다,노효두,https://image.aladin.co.kr/product/25594/15/cover500/k142735583_1.jpg,"책소개
케이스릴러. 노효두 소설. 실종된 딸을 찾으라는 아내의 유언에 목숨을 건 남자 정상훈. 그러나 16년이 지나도록 딸의 행적은 발견되지 않는다. 모든 것을 포기할 무렵, 정상훈을 찾아오는 두 사람. 실종된 딸을 찾을 수 있다는 정체불명의 청년 고남준, 고남준을 믿어서는 안 된다는 부산경찰청 미제사건수사팀장 박진희. 모두가 포기한 내 딸을 찾기 위해서는 모두가 의심하는 사람을 믿을 수밖에 없다. 잃어버린 사람을 찾기 위해서 자기 자신을 잃어버린 사람들의 이야기.",http://www.aladin.co.kr/shop/wproduct.aspx?ItemId=255941569&amp;partner=openAPI&amp;start=api
버드 캐칭,김범정,https://image.aladin.co.kr/product/25543/11/cover500/8974331349_1.jpg,"책소개
제8회 수림문학상을 수상한 김범정 작가의 ‘버드캐칭’이 단행본으로 출간됐다. '버드캐칭'은 대기업 인턴을 마치고 정규직 심사를 앞둔 주인공이 뜻하지 않은 이별을 맞이하면서 겪는 사랑과 우정, 방황과 성장을 섬세한 필체로 그린다.

소설은 주인공이 결혼하기로 마음먹은 연인이 갑작스런 이별 통보와 함께 사라지자 이를 찾아 나서면서 마주하는 놀라운 진실을 추리 기법과 로드 무비의 서사로 풀어낸다.",http://www.aladin.co.kr/shop/wproduct.aspx?ItemId=255431154&amp;partner=openAPI&amp;start=api
숨,한유주,https://image.aladin.co.kr/product/25520/78/cover500/k202633226_1.jpg,"책소개
2003년 『문학과사회』 신인문학상을 받으며 등단한 뒤, 짧지 않은 시간 동안 이야기에 갇힌 기성 소설의 상투성에서 벗어나 '문학'과 '글쓰기'의 융합을 통해 새로운 문학적 노정을 꾸준히 개척해온 한유주 소설가의 신작 소설집이 문학실험실에서 발간되었다.

한유주의 작품 세계는 익히 알려진 바대로, 한국문학의 미학적 무게추를 감당하는 하나의 선명하고 독특한 아이콘이라 할 만하다. 한유주는 그간 “우리가 살고 있는 이야기 과잉 시대에 그 ‘교묘하게 재단된’ 이야기 자체의 진실성을 정면으로 문제 삼고 있는 소설”이자 “이야기를 거부하면서도 어떻게 소설이 구축될 수 있는지를, 그때 드러나는 소설의 다른 힘이 어떤 것인지를 보여준 소설”(한국일보문학상 선정의 말 중에서)로, 나아가 “거짓 기억과의 싸움, 끝없이 이야기를 지우는 소설 쓰기”(김현문학패 선정의 말 중에서)라는 찬사를 받아오며 말 그대로 그만의 방식의 글쓰기를 통해 한국문학에 새로운 숨결을 불어넣어 왔다.

그간 자신의 작품에서 여러 번 표명한 대로, 그러한 한유주의 글쓰기의 전략 가운데 하나는 ‘쓰고 지우기의 무한 반복’이었다. 쓴 것이 굳기 전에 지우고, 지운 흔적이 완전히 사라지기 전에 다시 쓰는 행위의 반복에서 독자는 무한 분화하는 평행우주로, 소설의 세계가 아닌, 무정형으로 주어진 저릿한 정서를 간직한 채, 독자 내면의 세계에서 저마다의 이야기를 생성해낼 수 있었다.

따라서 한유주의 소설에서 이야기는 지워지는 차원이 아니라, 흔적을 받아들이는 이쪽(독자)에서 늘 새롭게 생성되어왔다고 할 수 있다. 이러한 차원의 문학적 글쓰기와 글 읽기의 새로운 수용 현상은 이번 소설에서 더욱더 배가되며, 거침없이, 먹먹하게 다시 한 번 독자의 지성과 감성 사이를 파고들 것이다.",http://www.aladin.co.kr/shop/wproduct.aspx?ItemId=255207876&amp;partner=openAPI&amp;start=api
푸른 빛의 소녀가,박노해,https://image.aladin.co.kr/product/25506/71/cover500/8991418309_2.jpg,"책소개
박노해 시인의 첫 번째 '시 그림책'. 현대사의 결정적 시기마다 심장을 울리는 글과 근원적 실천으로 시대를 관통해온 박노해 시인이 전혀 새로운 책을 들고 우리를 찾아왔다. 저 먼 행성에서 불시착한 푸른 빛의 소녀와 지구별 시인의 가슴 시린 이야기로, 박노해 시인의 시 「푸른 빛의 소녀가」로 만든 '시 그림책'이다.

""지구에서 좋은 게 뭐죠?"" 우주적 시야로 바라본 우리 삶의 근본 물음, 푸른 빛의 상상력을 불어넣는 신비로운 여정. 국내에서 그림책으로 처음 소개되는 러시아 거장 말레비치의 명화 29점이 시와 함께 강렬하고 아름답게 펼쳐진다.",http://www.aladin.co.kr/shop/wproduct.aspx?ItemId=255067106&amp;partner=openAPI&amp;start=api
이번 청춘은 망했다,강기희,https://image.aladin.co.kr/product/25503/74/cover500/k122633027_1.jpg,"책소개
“1980년 우리는 이렇게 살아남았다”라는 부제를 붙인 강기희의 장편소설 『이번 청춘은 망했다』는 1979년 10월 26일 박정희가 죽은 다음날부터 시작되어 1980년 9월 1일 전두환이 대통령으로 취임하는 날에 맞춰 끝난다. 그 1년 동안 벌어진 지금 생각하면 설마 그런 일이 있었을까 할 만큼 끔찍한 사건들이 청춘들의 입을 빌려 숨 가쁘고 드라마틱하게 전개된다.

오늘을 살고 있는 청춘들도 그 당시와는 또 다른 모습을 한 경제적 폭력 앞에서 미래의 삶을 저당 잡힌 채, 하루하루를 허덕거리며 쩔쩔매고 있다. 자유를 꿈꾸는 40년 전 청춘이나 지금의 청춘들이 겪는 고통과 아픔이 크게 다르지 않으니 역사는 늘 반복되는 것도 사실이다.

그러니 모쪼록 이 책이 현재의 청춘들에게 작으나마 힘과 위로가 되었으면 하는 바람이 크다. 더 나아가 “어제까지 망했다 생각한 내 청춘에 오기가 생겼다. 어떻게든 살아내자”는 임태리 소설가의 말처럼 그대들의 청춘에도 오기가 생겼으면 하는 바람이다.",http://www.aladin.co.kr/shop/wproduct.aspx?ItemId=255037471&amp;partner=openAPI&amp;start=api
완벽하게 헤어지는 방법,이은정,https://image.aladin.co.kr/product/25501/2/cover500/k982633025_1.jpg,"책소개
글을 쓰기 시작한 지 20년 만에 소설가로 세상에 이름을 알린 이은정 작가가 첫 소설집을 펴냈다. 2018년 단편소설 「개들이 짖는 동안」으로 동서문학상 대상을 수상한 그가 산문집 <눈물이 마르는 시간>, 7인 연작 에세이 <내가 너의 첫문장이었을 때>(공저)에 이어 소설가로서 처음 펴내는 작품집이다. 작가의 단단한 내공이 응축된 책으로 모두 여덟 편의 단편이 수록되어 있다. 삶이 완벽한 어둠으로 다가올지라도 절망 뒤에는 희망이 웅크리고 있음을 온기 어린 시선으로 포착해낸다.

이 소설집에서 작가는 존재의 이면을 끈기 있게 응시하며 평범한 사람들이 주고받은 평범하지 않은 상처에 대해 그린다. 상처를 주거나 상처받는 이들은 가족, 부부, 친구, 이웃의 이름으로 서로 얽힌다. 작가는 이들 관계의 단면을 부각함으로써 ""희망과 사랑이 턱없이 부족한 현실을 비극적 감성으로 표출""한다. 더불어 구모룡 평론가가 해설에서 말한바, ""수직적 초월이 불가능한 세계, 모두가 상처받고 고통을 감내하는 현실을 회피하지 않는다. 그리고 마침내 한 가닥 빛과 물줄기를 찾아낸다.""",http://www.aladin.co.kr/shop/wproduct.aspx?ItemId=255010272&amp;partner=openAPI&amp;start=api
사랑이 한 일,이승우,https://image.aladin.co.kr/product/25500/21/cover500/8954675573_1.jpg,"책소개
사십 년 가까운 작가인생을 갈망 너머의 구원에 대한 천착으로 채우며 독보적인 성취를 거두어온 소설가 이승우. 그는 '관념의 토르소'(김윤식), '한국에서 가장 유력한 노벨 문학상 후보'(르 클레지오), '조용하고 진지한 영혼에서 분출된, 감동적이면서 묵직한 소설'(르몽드), '갈리마르 폴리오 시리즈에 오른 최초의 한국소설' 등 그와 그의 작품에 대한 수식과 상찬이 전혀 과한 것이 아님을 소설로 인생에 복무함으로써 증명해가고 있다.

한국소설로는 흔치 않은 종교적이고 관념적인 통찰로 '생의 이면'을 파고든 그가 신작 소설집에서 「창세기」를 전면에 내세우며 삶의 궁극적 물음들을 마주 세운다. '신'이 아니라 '인간'의 텍스트로 「창세기」를 다시 읽고 다시 쓴 밀도 높은 작업, 그 가운데 키워드가 되어준 단어 '사랑', 그러므로 이 책은 이승우 작가의 작품세계 전반이 총동원되었다 할 수 있겠다. 열한번째 소설집이자 첫 연작소설집, <사랑이 한 일>이다.",http://www.aladin.co.kr/shop/wproduct.aspx?ItemId=255002163&amp;partner=openAPI&amp;start=api
내 황홀한 옷의 기원,백지영,https://image.aladin.co.kr/product/25496/73/cover500/k342633020_1.jpg,"책소개
인간의 옷에 대한 욕망의 세계를 다룬 소설이다. 간결하고 정감 있는 문체로, 한 영화배우의 가족사와 1980년대 정치적 상황을 결합해 옷이란 무엇인가라는 근본 문제를 스릴러적 형식으로 그려내고 있다. 옷은 욕망을 표현하는 데 적합한 소재이다. 소설에서는 옷을 만들고, 옷을 입고, 옷을 통해 욕망을 나타내고 실현하려는 다양한 인간 군상들의 면면이 교직된다.

중심 서사는, 한 배우의 사고에서 시작된다. 한 배우가 해외영화제에서 남우주연상을 받았다. 그런데, 수상을 축하하는 파티에서 갑자기 사라진 그는 얼굴에 심한 상처를 입고 나타나고 의사들의 노력에도 불구하고 결국 얼굴에 흉터가 생기고 만다. 실종과 상처 자체도 미스터리하지만, 상처를 입힌 후 실과 바늘로 상처를 꿰매놓은 엽기적인 사건이었다. 누가, 무슨 이유로, 한 배우의 생명줄과 같은 얼굴에 흉터를 남겼을까",http://www.aladin.co.kr/shop/wproduct.aspx?ItemId=254967399&amp;partner=openAPI&amp;start=api
언노운 피플,김나영,https://image.aladin.co.kr/product/25475/45/cover500/k942633920_1.jpg,"책소개
케이스릴러 시리즈. 사랑으로 나를 키운 부모, 그들이 손녀이자 내 딸을 유괴했다! 이유도 모르고 설명도 해주지 않았다. 심지어 아무런 요구도 하지 않았다. 어디에 있는지도 알 수 없다. 그들에겐 왜 내 딸이 필요한 걸까? 왜 나를 만나주지 않는 걸까? 우리가 가족이라고 믿는 사람들에 대한 소름 끼치는 이야기.",http://www.aladin.co.kr/shop/wproduct.aspx?ItemId=254754541&amp;partner=openAPI&amp;start=api
언니 믿지?,송순진,https://image.aladin.co.kr/product/25463/57/cover500/k172633727_2.jpg,"책소개
여성연대를 이야기하는 단편소설 여덟 편을 엮은 소설집이다. 김서령, 최예지, 송순진 소설가 등 여덟 명의 작가는 이 땅에서 여성들이 연대하고 어울리고 위로하는 세상을 발랄하고 또 잔잔하게 그려냈다.

지금 이 시대, 대한민국을 사는 여성이라면 한 번쯤 절절하게 고민하고 열망했을 '여성연대'. 한국의 여성 소설가들은 어떤 식의 여성연대를 꿈꾸고 있을까. 그들의 소설 속에서 어떤 주인공은 씩씩하고, 어떤 주인공은 아득하고, 어떤 주인공은 유쾌하고, 어떤 주인공은 여태 어리바리하다.

할머니의 삶에서 여성의 삶을 끄집어내 복원하고(할머니는 엑소시스트_송순진), 이혼하고 돌아온 이웃집 딸을 위해 온갖 오지랖으로 빨래방 창업을 돕는다(언니네 빨래방_김서령). 친구의 실종된 딸을 찾으러 모든 것을 팽개치고 떠나기도 하고(안부를 물어요_윤화진), 자신의 존재가 아기를 생산할 수 있는 자궁으로만 집계되는 현실에 기막혀하기도 한다(에그, 오 마이 에그_김지원).

바람을 피우고도 뻔뻔한 언니의 남자친구를 처단하기 위해 자매가 싸움판을 벌이고(엄마한텐 비밀이야_최예지), 디지털성범죄를 저지른 아들을 엄마가 제손으로 신고한다(한 사진관_정여랑). 비혼여성이라 당연히 돌봄노동을 도맡게 되는 현실이 그려지는가 하면(우리들의 방콕 모임_이명제), 그래야 하는 이유도 모르면서 완벽한 식탁을 차리기 위해 고군분투하기도 한다(완벽한 식사_임혜연).",http://www.aladin.co.kr/shop/wproduct.aspx?ItemId=254635748&amp;partner=openAPI&amp;start=api
별뜨기에 관하여,이영도,https://image.aladin.co.kr/product/24790/61/cover500/k332633722_1.jpg,"책소개
<드래곤 라자>, <눈물을 마시는 새> 등 한국, 일본, 대만, 중국에서 200만 부 이상의 판매고를 올린 대표적인 판타지 작가 이영도의 첫 SF 단편소설집이 황금가지에서 출간되었다. 2000년 이후 발표된 이영도 작가의 단편소설 10편을 엮은 <별뜨기에 관하여>는 지구인의 성장 파트너가 된 외계문명과의 이야기를 다룬 '위탄인 시리즈' 4편을 중심으로 SF, 판타지, 로맨스 등 장르를 넘나들며 기상천외한 전개와 폭발적인 상상력을 담아낸 이영도 작가 매력적인 글쓰기를 만날 수 있다.",http://www.aladin.co.kr/shop/wproduct.aspx?ItemId=247906126&amp;partner=openAPI&amp;start=api
추락,정명섭,https://image.aladin.co.kr/product/25449/67/cover500/896799558x_1.jpg,"책소개
정명섭 장편소설. 한때 한국영화계를 주름 잡던 영화배우 강형모. 하지만 각종 사건사고에 휩쓸리더니 이제 그의 이름 앞에는 몰락이라는 타이틀이 따라다니고 있다. 지금도 돈 많아 보이는 이혼녀 미진에게 어떻게든 달라붙어 한몫 챙기려 하는 중이다.

금요일 오후, 미진에게서 카톡 문자가 날아온다. 경주로 여행을 가려고 하니 자신의 빈집에 가서 여행 가방을 어떤 건물까지 옮겨달라는 일방적인 부탁이다. 속이 부글부글 끓지만 아쉬운 쪽은 강형모이니 가방을 옮겨주러 그녀의 빈집을 향한다. 강형모가 도착한 그녀의 집에는 커다란 여행 가방 세 개뿐. 낑낑대며 여행 가방을 약속 장소까지 배달한 강형모는 이상한 낌새를 느낀다. 여행 가방을 열어본 강형모는 소스라치게 놀란다. 그 안에는 시체가 나뒹굴고 있었다. 그것도 여행 가방을 옮겨달라던 미진의 시체가…….

모든 증거가 자신을 살인자로 몰고 있었다. 세상이 다시 움직이기 시작하는 월요일 전까지는 이 누명을 벗어야 한다. 누가 누명을 씌웠을까? 조금씩 숨통을 조여 오는 현실 속에서 강형모는 현재와 과거를 뒤돌아본다. 누굴까? 혹시 내가 그랬나?",http://www.aladin.co.kr/shop/wproduct.aspx?ItemId=254496769&amp;partner=openAPI&amp;start=api
짝꿍 : 듀나x이산화,듀나,https://image.aladin.co.kr/product/25446/83/cover500/k442633518_1.jpg,"책소개
안전가옥 쇼-트 시리즈의 다섯 번째 책이자 ‘짝꿍’ 프로젝트의 첫 번째 작품집이다. ‘짝꿍’은 장르문학계에서 활발하게 활동해 온 기성 작가와 새롭게 주목받기 시작한 신진 작가의 작품을 함께 엮음으로써 장르문학의 오늘을 선명하게 보여 주는 프로젝트이다.

SF에 초점을 맞춘 이번 단편집에서는 듀나, 이산화 작가가 합을 이루었다. 듀나 작가는 SF 작품을 발표할 지면이 거의 존재하지 않았던 1990년대부터 꾸준히 정교한 상상의 세계를 구축해 왔다. 그의 글을 읽으며 성장해 2010년대에 데뷔한 이산화 작가는 탄탄한 설정과 치밀한 구성으로 독자들의 눈길을 빠르게 사로잡았다.

《짝꿍: 듀나×이산화》의 수록작 세 편은 분명 별개의 이야기들이지만, 모든 작품의 배경을 관통하는 공통점이 있다. 세계가 중첩된다는 것이다. <사라지는 미로 속 짐승들>(듀나)의 주인공들은 그들의 우주가 허구라는 사실을 잘 안다. 누군가가 이 우주를 게임판 삼아 움직이고 있다. 몇몇 사람들은 ‘실제’ 우주와 이어지는 통로를 찾으려 하는데, 허구의 우주가 사라져 가는 위기를 막기 위해서다. 여러 차원의 세계가 서로에게 영향을 미치는 셈이다.",http://www.aladin.co.kr/shop/wproduct.aspx?ItemId=254468327&amp;partner=openAPI&amp;start=api
잃어버린 이름에게,김이설,https://image.aladin.co.kr/product/25432/60/cover500/8932037868_1.jpg,"책소개
생의 민낯을 가감 없이 묘사하는 방식으로 독자적인 스타일을 구축해온 김이설의 연작소설집. 김이설은 2006년 『서울신문』 신춘문예를 통해 작품 활동을 시작한 이래 젊은작가상, 황순원신진문학상을 수상하며 소설집 두 권과 경장편소설 네 권을 펴냈다. 네 개의 중단편을 연작으로 묶은 <잃어버린 이름에게>는 두번째 소설집 <오늘처럼 고요히> 이후 4년 만에 선보이는 소설집이다.

김이설은 이번 연작소설집에서 중부지방 신도시에서 거주하는 중년 여성들이 느끼는 소외와 상실의 감각을 세밀하게 다룬다. 여성이 결혼과 출산, 육아라는 사회적 요구를 따른 후 서서히 ""낡아가는 몸과 마주""(「우환」)하며 느끼는 좌절과 슬픔을 조망한다. 그러므로 <잃어버린 이름에게>를 읽는 일은 가정 내 사각지대에서 ""행복하고 기뻤던 것들이 하나도 기억""(「미아」)나지 않는다고 토로하는 아내이자 엄마의 삶을 고스란히 경험해보는 일이 될 것이다. 또한 우리가 서로에게 건네는 사소하지만 따스한 위로만이 외로움과 불안을 극복할 수 있는 계기임을 목도하는 일이 될 것이다.",http://www.aladin.co.kr/shop/wproduct.aspx?ItemId=254326069&amp;partner=openAPI&amp;start=api
바이러스 X,김진명,https://image.aladin.co.kr/product/25366/61/cover500/k412633411_1.jpg,"책소개
김진명 소설. 의과학자들은 출현과 동시에 전 인류를 멸망시킬 최악의 바이러스를 X라 명명했는데 이 소설에서 작가는 치사율이 무려 59%에 이르는 조류독감이 2003년 동남아에서 발생해 잠복 중인 사실을 예로 들며 바이러스 X의 출현이 임박했음을 경고하고 있다.

또한 작가는 전 세계가 달려들고 있지만 겨우 코비드19 백신 하나 제대로 만들지 못하는 사실을 들춰내며 바이러스와 죽느냐, 사느냐의 대결을 벌이고 있는 인류가 체내에서만 바이러스와 싸우려 하는 어리석음을 통렬히 비판하며 신기원적 대안을 제시한다.

소설은 재미교포 로비스트인 이정한과 한국인 병리학자 조연수의 활약으로 어느 날 갑자기 합성된 바이러스 X를 찾아내는 과정을 보여주며 독자들을 너무도 쉽고 재미있는 방식으로 이끌어 바이러스의 세계를 완전히 이해하게 만들어 준다.

또한 반도체와 레이저를 통해 바이러스를 체외에서 인식함으로써 인류가 바이러스로부터 완전히 해방되는 전연 새로운 방식을 제시하며 바이러스와의 전쟁을 의학자와 생물학자에게만 맡겨두어서는 안 되고 정보통신계가 나서야 한다는 점을 설득력 있게 주장한다.",http://www.aladin.co.kr/shop/wproduct.aspx?ItemId=253666141&amp;partner=openAPI&amp;start=api
당신은 지나갈 수 없다,손홍규,https://image.aladin.co.kr/product/25429/71/cover500/8936438328_2.jpg,"책소개
이상문학상, 백신애문학상, 오영수문학상 등 유수의 문학상을 거머쥐고, 한국문단에서 독보적인 색채와 위상을 지키며 듬직한 작품세계를 보여온 소설가 손홍규의 소설집. 문단의 유망주로 주목받던 시절 작가를 수식했던 풍자와 위트, 혹은 해학의 서사가 이제 한층 성숙하고 농익은 삶의 비애를 담아내면서 한국문학의 한 축을 단단하게 지탱하는 중견작가의 반열에 손색없는 경지를 보여준다.

시대가 바뀌었음에도, 20년 가까이 작품활동을 해온 작가의 눈에 비친 우리네 일상과 주변은 여전히 균열과 모순투성이이며, 은근한 차별과 폭력이 일상화된 도가니 같은 곳이다. 거대한 역사적 사건이 서사의 재료가 되었던 초기의 작품들과 달리 이제 일상에 교묘하게 파고든 차별과 폭력의 세계를 들춰내고 비트는, 날카롭고 섬세한, 그러나 인간적인 온기를 잃지 않은 작가의 시선은 소설이라는 장르의 역할과 미학에 대한 고민을 한층 성숙시킨 결과로 읽힌다.",http://www.aladin.co.kr/shop/wproduct.aspx?ItemId=254297174&amp;partner=openAPI&amp;start=api
토요일의 특별활동,정지향,https://image.aladin.co.kr/product/25427/2/cover500/8954675360_1.jpg,"책소개
친구, 가족, 애인, 사회와 관계를 맺으며 일어나는 미세한 변화를 기민하게 포착하고 자신을 둘러싼 공간의 분위기를 예민하게 읽어내는 젊은 작가 정지향의 첫 소설집 『토요일의 특별활동』이 출간되었다.

첫 장편소설 『초록 가죽소파 표류기』(문학동네, 2014)가 심사위원 만장일치로 제3회 문학동네 대학소설상에 선정되며 작가로서의 시작을 알린 정지향은 또래 대학생이 처한 현실을 담백하고 서정적인 이야기로 풀어내며 “동세대 젊은이들의 뼈아픈 성장통을 소설화하는 데 성공했다”는 평을 받았다.

그로부터 올해 여름까지 약 육 년 동안 써내려간 여덟 편의 단편소설을 묶은 이번 소설집은 유연한 만큼 다양한 모습으로 구부러지기 쉬운 십대 후반에서 이십대 초반까지의 시기를 통과하는 인물들을 주로 담아내며, 점도 높은 끈적한 감정을 친구와 주고받으면서도 “자기감정을 정확하게 짚어”(96쪽)낼 수 없어 그것을 미처 이해하지 못했던 그 시절의 자신과, 그런 자신을 둘러싸고 있던 세계를 지금의 위치에서 세밀하게 들여다본다.

지금의 우리 사회에서 쉽게 불순한 이미지로 연결되고 마는 ‘여학생’이라는 단어에 달라붙은 더께를 걷어내고 정형화되지 않는 구체성과 생동감을 지닌 인물의 모습을 그려냄으로써 정지향은 유약하고 치기 어리며 성숙하지 못한 시기로 치부되기 쉬운 그 시절에서 우리의 모습을 새롭게 추출해낸다.",http://www.aladin.co.kr/shop/wproduct.aspx?ItemId=254270270&amp;partner=openAPI&amp;start=api
우리는 어디까지 알까,정지아,https://image.aladin.co.kr/product/25419/31/cover500/8982182667_1.jpg,"책소개
2020년 김유정문학상 수상작품집. 올해 김유정문학상은 2019년 7월부터 2020년 6월까지 발표된 중단편 소설을 대상으로 예심과 본심을 진행했다. 본심 후보작 김혜진의 「3구역, 1구역」, 박민정의 「신세이다이 가옥」, 박솔뫼의 「영화를 보다가 극장을 사버림」, 임솔아의 「그만두는 사람들」, 장류진의 「연수」, 정지아의 「우리는 어디까지 알까」, 조경란의 「가정 사정」 중 심사위원들은 “생의 이면을 성숙하게 감싸 안는 깊이 있는 시선”(신수정)이 돋보인 정지아의 「우리는 어디까지 알까」를 수상작으로 결정했다.

수상작 「우리는 어디까지 알까」는 어릴 적 아버지와 마을 사람들이 국군에 의해 죽임을 당하는 장면을 목도한 아들의 허망한 삶과, 그런 아버지 밑에서 태어나 다시금 현실의 질서에 순응하지 못하고 병든 아들의 운명 같은 삶을 사촌누이의 시선으로 그리고 있는 작품이다. 검은 허방이 아버지를 삼켜버렸듯이, 위암 수술을 받고도 술을 끊지 않으며 알 수 없는 운명의 ‘허방’과 사투를 벌이는 ‘택이’의 안타까운 모습은 “인생의 ‘어쩔 수 없음’이라는 익숙한, 굳은 명제”(이승우)를 상기하게 한다. 한 부자를, 한 세대를 무너뜨린 ‘검은 허방’을 앞세워 정지아의 소설은 “역사나 이념의 기호가 실체화할 수 없는 삶의 흐릿한 실루엣 앞으로”(정홍수) 우리를 데려간다.",http://www.aladin.co.kr/shop/wproduct.aspx?ItemId=254193112&amp;partner=openAPI&amp;start=api
가해자들,정소현,https://image.aladin.co.kr/product/24790/61/cover500/k082633114_1.jpg,"책소개
당대 한국 문학의 가장 현대적이면서도 첨예한 작가들을 선정, 신작 시와 소설을 수록하는 월간 『현대문학』의 특집 지면 '현대문학 핀 시리즈' 서른한 번째 소설선. 2008년 「양장 제본서 전기」로 등단한 이후 치밀한 구성과 밀도 높은 문장 안에 자신만의 영역을 구축해낸 작가의 이번 신작은 2020년 『현대문학』 1월호에 발표한 소설을 퇴고해 내놓은 것이다.

어느 날부터 아파트 1112호에 사는 여자에게 들려오는 소음, 항의하듯 끊임없이 울려대는 위층 집 인터폰 소리, 응징을 위한 소음이 불러온 아래층과의 갈등, 결국 소음 전쟁이 되어버린 아파트 단지……. ‘층간소음’이라는 소재를 통해 현대를 살아가는 구성원들의 좀처럼 사라지지 않는 고통을 내밀하게 그려낸 소설이다.",http://www.aladin.co.kr/shop/wproduct.aspx?ItemId=247906160&amp;partner=openAPI&amp;start=api
꼰대책방,오승현,https://image.aladin.co.kr/product/25412/0/cover500/k822633112_1.jpg,"책소개
작가 오승현의 소설 데뷔작. 영상과 이미지가 종이책을 대체하고, 독서 인구가 ‘독불장군’에 빗댄 ‘독불 인구’라 불리게 된 근미래를 다룬다. “인간의 유전자보다 뇌가 우수하다”는 주장하에, 생존에 필요한 정보를 입력했다가 그대로 출력하는 유전자 대신 생존 본능을 넘어서는 뇌, 그중에서도 고도의 지적기능을 담당하는 대뇌피질의 역할을 대체하는 ‘미메시스’의 개발로 일대 지식혁명이 일어난 2030년대가 배경이다.

종이책이 더 이상 사업성이 없어진 미래, 서점들이 종이책 사업을 접고 한 번의 이식으로 종이책의 몇 배 이상의 지식을 습득할 수 있는 미메시스 사업으로 전환한 상태에서, 여전히 지식보다는 지혜의 가치를 믿는 등장인물들은 시대에 뒤떨어진 듯 보이지만 또한 그렇기에 매력과 개성이 가득하다.",http://www.aladin.co.kr/shop/wproduct.aspx?ItemId=254120029&amp;partner=openAPI&amp;start=api
버려진 우주선의 시간,이지아,https://image.aladin.co.kr/product/25411/6/cover500/k832633110_1.jpg,"책소개
제1회 카카오페이지×창비 영어덜트 장르문학상 카카오페이지 특별 선정작. 소설가 정세랑이 “이 소설은 귀여운 우주 활극처럼 보이지만 묵직한 펀치로 가득하다.”고 극찬하기도 한 이 작품은 안드로이드로 재탄생한 버려진 우주 정찰선 티스테와 생계형 해커 소녀 룻의 모험담을 담은 따뜻한 SF 드라마다.

어딘지 아이를 닮은 마음을 가진 인공지능 티스테와 피폐해진 지구에서 아픈 엄마를 살리기 위해 고군분투하는 룻이 만들어가는 이야기는 미래를 배경으로 하지만 착취와 격차, 거짓이 난무하여 지금의 현실과 꼭 닮아 있다. 상처받은 이들이 다시 누군가를 신뢰할 수 있을까, 용서와 이해가 가능할까. 지금 이 시대를 살아가는 미숙한 어른들에게 던지는 질문은 우리의 마음을 보듬고 성장하게 한다.",http://www.aladin.co.kr/shop/wproduct.aspx?ItemId=254110639&amp;partner=openAPI&amp;start=api
다이웰 주식회사,남유하,https://image.aladin.co.kr/product/25403/9/cover500/k332633014_1.jpg,"책소개
한낙원과학소설상 수상 작가이자 장르문학의 떠오르는 신예 남유하 작가의 첫 소설집이 출간되었다. 저소득 노인층이 고통 없이 편안하게 마지막까지 존엄을 유지하며 죽을 수 있는 국립 센터, 산 자와 죽은 자의 경계에 있는 감염자들을 위한 국가 공인 안락사 기관, 임신중단수술을 받으려는 순간마다 미래로 호출되는 여자 등 삶과 죽음을 관통하는 기이한 상상력과 예리한 통찰력이 조화롭게 빛나는 SF 소설 네 편을 수록했다.",http://www.aladin.co.kr/shop/wproduct.aspx?ItemId=254030961&amp;partner=openAPI&amp;start=api
물 그림 엄마,한지혜,https://image.aladin.co.kr/product/25399/96/cover500/8937413221_1.jpg,"책소개
1998년 《경향신문》 신춘문예로 등단해 소설집 <안녕, 레나>, <미필적 고의에 대한 보고서>를 써 낸 한지혜의 세 번째 소설집. 다정한 글 안에 한곳을 오래 응시해 온 이 특유의 묵직하고 예리한 시선을 감춰 둔 작가 한지혜는 지난해 20년 간 써 온 글을 묶어 산문집 <참 괜찮은 눈이 온다>를 출간하기도 했다. <물 그림 엄마> 역시 진득하고 정직한 시선으로 '엄마와 딸'이라는 복잡한 관계를 들여다본다.",http://www.aladin.co.kr/shop/wproduct.aspx?ItemId=253999660&amp;partner=openAPI&amp;start=api
SF 김승옥,김승옥,https://image.aladin.co.kr/product/25399/80/cover500/k902633011_1.jpg,"책소개
<SF 김승옥>의 출발은 오래된 신문 한 장이었다. 1970년 4월 1일, 당시 창간 50주년을 기념하여 한 일간지 신문에 한 편의 SF소설이 실렸다. '50년 후 디 파이 나인 기자의 어느 날'이란 제목의 소설은 발표 된 50년 후, 즉 2020년을 배경으로 쓰였다. 1970년 SF 소설에 나오던 신인류가 바로 지금의 우리였던 것, 그 한 조각의 신문에 시간과 공간을 훌쩍 뛰어넘어 빛나던 한 작가의 통찰력이 담겨있다. 2020년의 후배 작가들은 50년 전 선배 작가의 소설을 기리고자 다시 50년 후인 2070년을 상상하며 100년의 통찰을 담아내기 위해 <SF 김승옥>을 기획하게 되었다.

<무진 기행>, <서울 1964년 겨울> 등을 발표하며 1960년대 문학계를 풍미했던 소설가. 1970년대 <안개>, <겨울여자>, <충녀> 등의 수많은 영화 시나리오를 썼던 영화인. 1980년, 신군부의 잔인한 학살극에 과감히 펜을 꺾어버린 지식인, 그가 바로 작가 김승옥이다. 일찍이 '감수성의 혁명'이라는 찬사와 함께 무수한 명작을 남긴 김승옥은 언제부턴가 대중에게서 잊힌 작가가 되었다. 2003년 뇌졸중으로 쓰러진 뒤 말과 글을 잃어버렸기 때문이다.

2016년부터 다큐멘터리 <김승옥 무진>을 제작해오던 제작진은 우연히 그가 50년 전에 이미 SF소설을 발표했다는 사실을 알게 된다. 그것은 마치 청년 김승옥이 보내온 타임캡슐을 발견한 기분이었다. 2020년을 살아가는 후배작가들은 그를 오마주한 SF소설을 써서 선배를 기억하고 다시 50년 후를 상상하는 미래 여행에 동참한다.",http://www.aladin.co.kr/shop/wproduct.aspx?ItemId=253998042&amp;partner=openAPI&amp;start=api
들어본 이야기,구병모,https://image.aladin.co.kr/product/24790/60/cover500/k052633010_1.jpg,"책소개
젊은 독자들이 사랑하는 작가 5인의 시선을 담은 앤솔러지. 촘촘한 문장으로 단단하고 아름다운 세계를 구축하는 구병모부터 한국문학의 묵직한 무게중심 권여선, 독창적인 색깔을 지닌 탁월한 이야기꾼 듀나, 세대와 시대를 사유하며 독자들을 늘 새로운 곳으로 이끄는 박솔뫼, 독보적인 한국소설의 최전선 한유주에 이르기까지 지금, 가장 주목받는 다섯 작가의 신작 소설이 수록되었다.

'나'는 하나의 정체성에 고정되어 있는 존재인가. 나의 '몸'은 온전히 나의 것인가. 구병모, 권여선, 듀나, 박솔뫼, 한유주 다섯 명의 작가는 <들어본 이야기>를 통해 묻는다. '몸'을 구성하는 물리적·신체적 조건이 과연 '나'의 위치를 결정하고 대표할 수 있을지 작가들은 작품 속 여러 인물로 견고하게 그려낸다.",http://www.aladin.co.kr/shop/wproduct.aspx?ItemId=247906044&amp;partner=openAPI&amp;start=api
내일의 연인들,정영수,https://image.aladin.co.kr/product/25398/90/cover500/8954675379_1.jpg,"책소개
2017년 출간한 첫 소설집 <애호가들>을 통해 실존의 허무, 삶의 (무)의미를 위트 있게 보여준 소설가 정영수가 삼 년 만에 출간한 두번째 소설집. 2017년 겨울부터 2019년 겨울까지 꾸준히 발표한 단편 여덟 편을 묶었다.

""내가 편애하는 유형의 소설 (…) 이 소설의 마지막 페이지를 읽었을 때 나는 예상보다 훨씬 깊이 내려와 있었기 때문에 그곳에 좀 머물러 있고 싶어서 내 생각과 동작을 잠시 멈추어야 했다""(신형철), ""소설이란 결국 스타일이 아닌가라는 오래된 명제를 환기하는 힘이 있었다""(신수정) 등의 심사평과 함께 2018년 젊은작가상을 수상하고 문학과지성사의 '이 계절의 소설'(2017년 겨울)에 선정된 「더 인간적인 말」과 2018년 가을 '이 계절의 소설'에 선정, 2019 올해의 문제소설, 2019 현대문학상 수상후보작, 2019년 젊은작가상을 수상한 작품 「우리들」, 2019년 여름 '이 계절의 소설'에 선정, 2020 올해의 문제소설로 꼽힌 표제작 「내일의 연인들」 등이 수록돼 있다.

편편에 연인(들)이 등장한다. '연애소설'보다는 '연인생활소설'에 가까운 작품들이라 할 수 있겠다. 두 남녀 관계에서 오가는 섬세한 감정선도 물론 인상적이나, 실패했거나 실패가 예감되는 연인들이 주로 등장한다는 점, 그들이 겪는 사건과 생활 밀착적인 풍경이 함께해 리얼리티가 증폭된다는 점에서 그렇다.

난해한 알레고리보다는 현대의 도시에서 살아가는 삼십대 생활인이 마주한 크고 작은 사건들을 중심으로, 그것이 연인 관계의 시작과 지속과 끝, 그리고 끝 이후를 통해 드러난다는 데서 독자들에게 더욱 소구하는 작품일 것이다. 빠르게 몰입 가능한 일인칭 화자와 지적이면서도 가독성 좋은 문장이 읽는 즐거움을 더한다.",http://www.aladin.co.kr/shop/wproduct.aspx?ItemId=253989088&amp;partner=openAPI&amp;start=api
스노볼 (양장),박소영,https://image.aladin.co.kr/product/24790/61/cover500/893647829x_1.jpg,"책소개
한국 영어덜트 소설의 최전선 창비와 장르문학 No.1 플랫폼 카카오페이지가 공동 주최하면서 화제를 불러일으킨 제1회 창비x카카오페이지 영어덜트 장르문학상 대상 수상작 박소영 장편소설 <스노볼>이 출간되었다.

“전형성을 탈피한 새로운 이야기”라는 극찬을 받으며 만장일치로 선정된 작품이다. 단행본 출간 한 달 전부터 카카오페이지에서 사전 연재가 진행되고 있는 이 소설은 약 7만 명의 독자들에게 벌써 뜨거운 사랑과 응원을 받고 있다. 단행본에는 사전 연재에는 미공개되었던 주요 등장인물의 외전이 실려 더욱 기대를 모은다.

<스노볼>은 평균 기온이 영하 41도로 혹한이 몰아닥친 세상, 돔으로 둘러쳐진 따뜻한 지역 ‘스노볼’에서 벌어지는 이야기를 그렸다. 살기 위해서는 스노볼의 ‘액터’가 되어 바깥세상으로 매일같이 자기 일상을 드라마로 중계해야 한다는 놀랍고도 있을 법한 상상력으로 세워진 무대이다. 주인공은 열여섯 살 ‘전초밤’으로, 스노볼의 바깥세상에서 살고 있는 평범한 인력 발전소 노동자이다. 디렉터가 되어 자기만의 근사한 드라마를 만드는 것이 꿈인 전초밤에게 스노볼은 선망의 세계이다.

그러던 어느 날 충격적인 소식이 들려온다. 스노볼에서 가장 높은 시청률을 자랑하는 최상위 액터이자 전초밤이 제일 좋아하는 배우 ‘고해리’가 죽었다는 것이다. 더욱이, 고해리와 묘하게 닮은 전초밤에게 대신 그녀를 연기해 달라는 거절하기 어려운 제안이 오고, 전초밤이 이를 받아들이고 스노볼에 입성하게 되면서 본격적인 이야기가 펼쳐진다.",http://www.aladin.co.kr/shop/wproduct.aspx?ItemId=247906157&amp;partner=openAPI&amp;start=api
식스센스,노희준,https://image.aladin.co.kr/product/25383/50/cover500/k752633915_1.jpg,"책소개
'식스센스' 단어가 가리키듯 여섯 번째 감각이 존재하는 여섯 작가의 독특한 여섯 가지 이야기를 모은 단편집이다. 순문학과 장르문학, SF, 추리, 웹소설 등 각 방면에서 다양하게 작품 활동을 펼치고 있는 노희준, 우다영, 이갑수, 정명섭, 정재희, 차소희 작가가 모여 '식스센스'라는 한정된 공간을 배경으로 각자의 특색이 녹아 있는 여섯 편의 이야기를 독특하게 풀어냈다.",http://www.aladin.co.kr/shop/wproduct.aspx?ItemId=253835014&amp;partner=openAPI&amp;start=api
피아노가 울리면,김동하,https://image.aladin.co.kr/product/25374/94/cover500/k222633810_2.jpg,"책소개
케이스릴러. 김동하 소설. 천재적인 피아니스트 백동우는 교통사고로 왼손에 부상을 입지만 상대편 차량의 일가족이 사망하는 참사를 목격한다. 5개월 후, 꿈의 무대로 불리는 카네기홀에 입성하나 교통사고 후유증인 국소성이긴장증이라는 경련 증상이 도져 연주를 망치고 만다.

은퇴를 결심할 때 나타난 의문의 사내. 그는 두 달 뒤 다시 이 무대에 서지 않으면 팬들이 죽어 나갈 거라 협박한다. 실종된 아내가 살인 용의자가 되면서 의문의 사건들이 연쇄적으로 일어나고, 다시 연주를 할 수밖에 없는 상황에 내몰리는데…….",http://www.aladin.co.kr/shop/wproduct.aspx?ItemId=253749498&amp;partner=openAPI&amp;start=api
무관심 연습,심아진,https://image.aladin.co.kr/product/25366/91/cover500/k952633714_1.jpg,"책소개
1999년 작품 활동을 시작하여 모순적이고 불가해한 세상에서 부딪히고 견뎌내며 길을 찾는 인물들을 섬세하고 집요하게 그려온 작가 심아진이 처음으로 선보이는 짧은 소설집이다. 등단 초기 10년을 해외 이주 등으로 독자 곁에서 떠나 있었던 작가는 그 시간을 만회하기라도 하듯 지난 10년간 세 권의 소설집과 한 권의 장편소설을 펴내고 사이사이 동료 작가들과 함께하는 작품집에도 신작을 발표하며 부지런히 독자를 만났다.

<무관심 연습>은 세계의 이면과 인간 심리의 뒤편을 탐구해온 작가의 날렵한 감각이 짧은 형식과 우아하게 결합한 어쩌면 가장 심아진다운 소설집이라 하겠다.

책에는 '모르는 만남', '쉬운 어긋남', '따가운 얽힘', '희미한 열림', '얕은 던져짐' 등 다섯 개의 주제로 묶인 스물여덟 편의 소설이 실렸다. 만나고 어긋나고 얽히다 열리고 던져지는 삶의 사소하고 특별한 순간순간이 그만의 개성적인 언어로 펼쳐질 것임을 짐작케 하는 주제들이다. 그 예감대로 작가는 나와 우리, 우리와 세계가 맺는 관계의 내면을 파고들어 그 속에서 발생하는 무수한 표정과 감정을 또렷하게 붙잡아낸다.

슬피 눈물 흘리는 인간(Homo Lacrimosus)과 웃는 인간(Homo Ridens) 사이를 가로지르는 서늘한 통찰은 좋은 이야기에 대한 기대감을 충족시키며 진한 여운을 남긴다. 각각의 작품 끝에 딸려 있는 '흐르는 말'은 독자와의 소통을 위해 작가가 슬그머니 건네는 단상이자 작품에 대한 열쇠말이다.",http://www.aladin.co.kr/shop/wproduct.aspx?ItemId=253669137&amp;partner=openAPI&amp;start=api
얼마나 닮았는가,김보영,https://image.aladin.co.kr/product/25365/86/cover500/k192633713_1.jpg,"책소개
제5회 SF 어워드 중단편부문 대상 수상작 '얼마나 닮았는가', 제2회 SF 어워드 중단편부문 우수상 수상작 '세상에서 가장 빠른 사람'을 비롯, 과작(寡作)으로 소문난 김보영 작가가 10년간 쓴 주옥같은 중단편 모음집.

여러 선집의 형식으로 출간된 김보영 작가의 다양한 단편들을 챙겨 읽은 독자들은 이 소설집이 최신작으로 느껴지진 않을 것이다. 하지만 주로 서점 산책을 통해 책을 만나는 독자라면 쉽게 발견하지 못했을 '엄마는 초능력이 있어', '빨간 두건 아가씨', '니엔이 오는 날', '걷다, 서다, 돌아가다', '같은 무게'가 새롭게 읽힐 것이다. 무엇보다 여러 권의 단편 선집에 뿔뿔이 흩어져 있던 값진 단편들이 한 권의 책으로 깔끔하게 묶였다.",http://www.aladin.co.kr/shop/wproduct.aspx?ItemId=253658692&amp;partner=openAPI&amp;start=api
28 (리커버 특별판),정유정,https://image.aladin.co.kr/product/25364/61/cover500/k372633711_1.jpg,"책소개
제1회 세계청소년문학상 수상작 <내 인생의 스프링 캠프>와 제5회 세계문학상 수상작 <내 심장을 쏴라>, 2011 최고의 베스트셀러 <7년의 밤>으로 한국문단에 신드롬을 일으키며 등장해 이제는 한국을 넘어 세계적인 작가로 무섭게 성장한 작가 정유정이 2013년 발표한 장편소설 <28>이 2020년 서울국제도서전을 기념하는 리커버 특별판으로 새롭게 출간되었다.

특별히 이번 특별판은 '시간 속에 갇힌 차가운 상처와 뜨거운 슬픔'을 표현한 오진경 디자이너의 감각적이고 강렬한 표지와, 650쪽에 달하는 묵직한 분량에 어울리는 하드커버로 소장용 가치를 높였다.

이 소설은 '불볕'이라는 뜻의 도시 '화양'에서 28일간 펼쳐지는, 인간과 살아 있는 모든 것들의 생존을 향한 갈망과 뜨거운 구원에 관한 이야기다. 작가는 리얼리티 넘치는 세계관과 캐릭터 설정을 바탕으로 순식간에 무저갱으로 변해버린, 파괴된 인간들의 도시를 독자의 눈앞에 생생하게 그려내고 있다.

5명의 인물과 1마리 개의 시점을 톱니로 삼아 맞물린 6개의 서사적 톱니바퀴는 독자의 심장을 움켜쥔 채 현실 같은 이야기 속으로 치닫는다. 접속사를 철저히 배제한 채, 극도의 단문으로 밀어붙인 문장은 펄떡이며 살아 숨 쉬는 묘사와 폭발하는 이야기의 힘을 여실히 보여주며, 절망과 분노 속에서도 끝까지 희망을 포기하지 않는 인간의 모습은 진한 감동을 안겨준다. 이 소설은 모든 살아남고자 하는 것들에 관한 이야기다.",http://www.aladin.co.kr/shop/wproduct.aspx?ItemId=253646177&amp;partner=openAPI&amp;start=api
"세 여자 (어나더커버 특별판, 양장 합본)",조선희,https://image.aladin.co.kr/product/25360/31/cover500/k172633719_2.jpg,"책소개
조선희 장편소설. 이 소설은 한 장의 사진에서 시작됐다. 1920년대로 추정되는 식민지 조선, 청계천 개울물에서 단발을 한 세 여자가 물놀이를 하는 사진. 1990년 냉전시대의 마침표를 찍으며 한소수교가 이루어진 그 다음 해, 박헌영과 주세죽의 딸이며 소련의 모이세예프 무용학교 교수인 비비안나 박이 서울에 들어왔을 때, 그가 들고 온 여러 장의 사진 가운데 하나였다.

작가가 이 소설을 처음 구상한 것은 사진의 주인공 가운데 한 명인 허정숙을 발견한 힘이 컸다. 허정숙에 흥미를 가지고 들여다보다가 '신여성이자 독립운동가'라는 새로운 인물 군상이 눈에 들어오게 된 것이다.

박헌영, 임원근, 김단야… 각각의 무게감은 다를지언정 일제강점기 독립운동과 한국 공산주의운동사에서 빼놓을 수 없는 이름들이다. 그런데, 이들의 동지이자 파트너였던 주세죽, 허정숙, 고명자 이 여성들은 왜 한 번도 제대로 조명되지 못했을까. 이 소설은 우리가 몰랐던 세 명의 여성 혁명가, 그들의 존재를 담담히 보여주고 있다.",http://www.aladin.co.kr/shop/wproduct.aspx?ItemId=253603160&amp;partner=openAPI&amp;start=api
탑승을 시작하겠습니다,정미진,https://image.aladin.co.kr/product/24790/62/cover500/k972633719_1.jpg,"책소개
늘 하고 싶은 이야기를 어떻게 하면 더 흥미롭게 이야기할지 고민해온 정미진의 세 번째 장편소설이자 연작소설. 생애 첫 해외여행을 떠난 여섯 명의 주인공들이 예측 불가능한 환상 여행기를 펼치며 대리여행의 감각을 생생하게 일깨운다.

“머문 곳을 박차고 나가는 일을 되풀이하는 과정에서 잠시나마 운명을 거스르고 있다는, 혹은 스스로 운명을 조정하고 있다는 착각”에 빠지기 위해 어디론가 떠난 사람들을 뒤쫓는 여정을 통해, 떠날 수 없는 현실에서도 기어이 일상을 벗어나고 싶은 본능에 사로잡히고 마는 우리는 여기에는 없고 그곳에는 있는 여행의 기쁨과 슬픔, 설렘과 두려움을 생생히 감각하게 된다.",http://www.aladin.co.kr/shop/wproduct.aspx?ItemId=247906224&amp;partner=openAPI&amp;start=api
다정한 유전,강화길,https://image.aladin.co.kr/product/25359/50/cover500/8950992078_1.jpg,"책소개
산골 마을 소녀들의 이야기와 그 소녀들이 써내는 글이 교차하는 콜라주 형태의 소설이다. 더 나은 삶을 찾기 위해 더 좋은 글을 쓰고자 하는 소녀들이 써낸, 자라는 동안 깨지고 망가지고 불안하고 아파하는 이야기들은 서로에게 ‘너무나 내 것이라 있는 그대로 느껴지는 마음’의 기록들이다. 인간은 태어나 성장하는 과정에서 오롯이 자신을 살피느라 누군가를 돌보기 어렵다. 그러나 그 홀로 서는 과정에서도 세상의 고통은 함께 경험한다. 나의 고통뿐 아니라 타인의 고통도 아프게 앓는다.

작가는 어린 소녀들을 통해 이 ‘공교롭게도 그렇게 연결되어 있는 우리의 삶’이 결국 서로를 보듬는다는 것을 아주 다정하게 말해준다. 소녀들이 쓴 소설 속에서 한 친구는 자신에게 벌어진 일, 기분, 수치심, 모멸감, 행복, 거듭해서 기억하고 싶은 일, 잊지 않고 싶은 일을 기록한다. 자신만의 마음을 누군가에게 맡겨두지 않고 스스로 간직하는 방식으로 ‘견딜 만하게’ 만드는 것이다.

이 방식을 배운 또 한 친구도 글을 쓰게 된다. 그렇게 이들은 서로를 읽고, 서로를 쓴다. 본래적인 제한, 공공연한 폭력의 고통을 함께 경험한 소녀-친구들의 이야기는 “서로를 미워하면서 사랑”하는 마음, “그럼에도 불구하고 함께 있고 싶은 마음”을 깨닫게 한다. 상대를 향한 ‘그 마음을 이해할 수 있을 것 같다’는 느낌은 곧 이해받을 수 있을 것 같은 기분, 세파에도 인간을 견디게 하는 마음의 큰 기운인 ‘다정’을 나누게 한다.",http://www.aladin.co.kr/shop/wproduct.aspx?ItemId=253595066&amp;partner=openAPI&amp;start=api
우리의 정류장과 필사의 밤,김이설,https://image.aladin.co.kr/product/25350/53/cover500/k322633600_1.jpg,"책소개
'현실' 그 자체를 정면으로 파고드는 작법 스타일로 자신만의 문학 세계를 구축해온 김이설의 <우리의 정류장과 필사의 밤>이 '소설, 향' 시리즈의 세 번째 작품으로 출간되었다.

가족을 둘러싼 절망과 좌절, 그리고 새로운 가족의 탄생을 통해 오늘날의 가족의 의미를 진지하게 모색한 첫 장편 <나쁜 피>로 2009년 동인문학상 최종심 후보에 오르며 크게 주목받은 김이설 작가는 당시 ""간결하고도 긴장감 넘치는 문체로 첫 문장부터 독자를 사로잡는 솜씨가 일품""이라는 찬사를 받았다. 이후 가장이자 어머니이자 여자인 윤영의 고군분투를 담은 <환영>, 외형상의 흉터로 인해 가족과 불통하게 된 여자의 이야기 <선화>까지, 그의 소설들은 우리가 가족에게 기대하는 환상과 허위를 적나라하게 들추고, 개인의 삶과 존엄은 어떻게 지켜질 수 있는가에 대한 진지한 질문을 던져왔다.

<선화> 이후 6년 만의 신작 경장편인 <우리의 정류장과 필사의 밤>에서는 가족이라는 혈연 공동체의 족쇄에 발이 묶인 한 여성의 숨 막히고도 진저리나는 일상들이 펼쳐진다. 때론 고통스럽고 참혹하기까지 한 삶을 정밀하고 사실적으로 그려내면서도, 이러한 현실 직시를 통해 좀 더 나은 삶의 가능성이라는 희망을 읽을 수 있다는 점은 아이러니하다.

""몇몇 문장과 장면에서 눈길이 멈출 때마다, 잊은 척했던 환멸이 속에서 치받쳐 오른다. 그런 상태를 감내하고 통과해본 사람이 알 수 있는 감각""이라는 구병모 소설가의 말처럼, 지리멸렬한 일상의 파편들과 생에 대한 강렬한 의지가 주는 극명한 대비는 우리의 가슴을 파고들며 잊을 수 없는 감각을 새겨 넣는다.",http://www.aladin.co.kr/shop/wproduct.aspx?ItemId=253505387&amp;partner=openAPI&amp;start=api
부다페스트 이야기,김솔,https://image.aladin.co.kr/product/25330/0/cover500/8937417847_1.jpg,"책소개
제22회 김준성문학상, 제7회 젊은작가상 등을 수상하며 그 개성을 인정받은 소설가 김솔의 장편소설. 순례자 개개인의 이야기를 모아 중세 영국의 생활상을 입체적으로 보여 준 고전소설 <캔터베리 이야기>의 형식을 오마주한 <부다페스트 이야기>에는 헝가리 부다페스트 소재의 한 국제 학교의 연례행사에 초청된 일일교사들의 이야기가 담겨 있다.

행사를 준비하는 내내 학교 측은 출신 국가나 부모의 재력 등 외부적 요인으로 아이들을 차별하지 않기 위해 심혈을 기울인다. 행사 기획 의도와 수업 내용을 그대로 읽어 내자면 '완벽한 교육 소설'일 수도 있었을 <부다페스트 이야기>가 책을 덮고 나면 왜 '낯 뜨거운 욕망의 소설'이 되는지 궁금하다면 이제 그 이야기들을 한 편 한 편 읽어 낼 차례다.",http://www.aladin.co.kr/shop/wproduct.aspx?ItemId=253300072&amp;partner=openAPI&amp;start=api
아리랑 세트 - 전12권,조정래,https://image.aladin.co.kr/product/25326/85/cover500/8965749433_1.jpg,"책소개
한민족의 끈질긴 생존과 투쟁, 이민사를 다룬 민족의 대서사시 <아리랑>의 작가 등단 50주년 기념 개정판. 일제 침략기부터 해방기까지 한민족의 끈질긴 생존과 투쟁, 이민사를 다룬 민족의 대서사시다.

1990년 《한국일보》 연재를 시작으로 원고지 2만 매에 이르는 장도에 올랐으며 제1부 '아, 한반도', 제2부 '민족혼', 제3부 '어둠의 산하', 제4부 '동트는 광야'의 12권 4부로 구성되었다. 작가가 4년 8개월 만에 집필을 끝낸 이 작품은 1995년 완간되어 해방 50주년의 의의를 더했다.

<아리랑>은 군산과 김제를 비롯 지구를 세 바퀴 반이나 도는 수많은 취재여행과 자료조사를 거치며 ‘발로 쓰여졌다’고 해도 과언이 아니다. 일본·만주·중앙아시아·하와이에 이르는 민족이동의 길고 긴 발자취를 따라가며, 일제 수탈기 소작농과 머슴, 아나키스트 지식인의 처절한 삶과 투쟁을 위대한 문학작품으로 승화시켰다. 일제의 폭압에 맞서는 우리 민족의 저항과 투쟁, 그리고 승리의 역사를 부각시켜 민족의 자긍심과 자존심을 회복시켜 준다.",http://www.aladin.co.kr/shop/wproduct.aspx?ItemId=253268519&amp;partner=openAPI&amp;start=api
태백산맥 세트 - 전10권,조정래,https://image.aladin.co.kr/product/25326/74/cover500/8965749204_1.jpg,"책소개
작가 조정래의 등단 50주년을 기념하여 대하소설 3부작 <태백산맥> <아리랑> <한강>을 개정 출간한다. 작가는 초판 출간 후 31년 만에 다시 책을 펼쳐 전편을 손수 퇴고함으로써 새로운 '정본(定本)'을 완성했다. ""다시금 '퇴고'를 하는 마음으로 손질""했으며, ""그 작업의 결실이 독자 여러분께 드리는 선물이 되었으면 좋겠다""고 짤막한 소회를 밝힌 '작가의 말'에 남다른 애정과 깊이가 느껴지는 이유다.

조정래 작가의 대표작이자 '치열한 작가의식의 결정체'라 불리는 대하소설 3부작은 '한국문학사의 최대 문제작'이자 '한국인의 살아 있는 역사 교과서'로 불려왔다. 일제강점기부터 6?25를 거쳐 경제개발 시대까지 장장 1세기에 이르는 대한민국의 민족사를 엮어내기 위해 한 장 한 장 손으로 써 내려간 원고지가 5만 1,500매, 등장인물만 1,200여 명에 이른다. 지구를 세 바퀴 반이나 도는 수많은 취재여행과 자료 조사를 거치며 탄생한 작품들은 발표 후 30년이 지난 오늘날까지도 수많은 독자들에게 뜨거운 감동을 선사하고 있다.

<태백산맥>은 한반도가 해방과 분단을 동시에 맞아 남한의 단독정부가 수립되고, 4·3항쟁과 여순사건이 일어난 1948년 10월부터 6·25전쟁이 끝나고 분단이 고착화된 1953년 10월까지를 시간적 배경으로 한다. '민족사의 매몰시대', '현대사의 실종시대'라 불리는 역사에 정면으로 부딪쳐 80년대 최대의 문제작이 되었다.",http://www.aladin.co.kr/shop/wproduct.aspx?ItemId=253267401&amp;partner=openAPI&amp;start=api
쓰지 않을 이야기,조수경,https://image.aladin.co.kr/product/25324/31/cover500/8950991691_1.jpg,"책소개
2020년의 시작부터 WHO에 의해 감염병 최고 등급으로 선포된 코로나19는 전 세계 인류를 동시에 공포와 혼란에 빠뜨리며 유례없던 '팬데믹 시대'를 열었다. 그 속에서 한국 사회가 경험한 사회적 병증은 코로나19로 알려진 생물학적 병증만이 아니었다. 2019년 하반기에 서서히 알려지기 시작했던 '텔레그램 n번방'의 실체가 낱낱이 드러난 것이다. 운영자 16명, 2차 유포자 50명뿐만 아니라 구매자까지 포함하면 총 26만 명으로 추산되는 성착취 범죄에 가담한 가해자의 숫자는 우리 사회 보이지 않는 곳곳에 퍼진 사회적 병증에 대한 경각심을 넘어 공포를 느끼게 했다.

네 명의 젊은 작가 조수경, 김유담, 박서련, 송지현의 시선으로 코로나19로 시작된 팬데믹 재난부터 n번방이 표상한 사회적 병증까지 우리가 살아가고 있는 지금 이 시대를 선명하게 담아낸 팬데믹 테마 소설집 <쓰지 않을 이야기>가 아르테에서 출간되었다.

<쓰지 않을 이야기>의 네 편의 소설은 앞으로 반복하지 않기 위해 우리가 반드시 기억해야만 하는 이 시대적 병증의 실체를 마주하게 하면서도, 이토록 공포에 질린 순간에도 우리가 서로에게 어떤 존재가 되어주었고 앞으로도 되어줄 수 있는지를 따뜻한 시선으로 담아내고 있다. 그리고 그 과정 속에서 이미 우리 각자가 내재한 힘만으로 일으키는 변화를 보여주면서 지금 이 시대가 결코 공포의 시간으로만 기록되지 않을 것이라는 희망을 전한다.",http://www.aladin.co.kr/shop/wproduct.aspx?ItemId=253243190&amp;partner=openAPI&amp;start=api
마음이 쉬어가는 곳 : 벙커,추정경,https://image.aladin.co.kr/product/25318/39/cover500/k942633407_1.jpg,"책소개
'마음이 따뜻해지는 소설', '현실에서 상처받고 자신의 내면으로 깊이 숨어버린 아이들을 따뜻하게 어루만진다', '폭력의 치유 과정을 통해 독자들에게 스스로의 상처를 되돌아보게 만든다. 우리 사회에 만연한 폭력의 고리를 예리하게 포착한다', '우리는 벙커로 들어가 자신을 마주하고 훌쩍 자라 세상에 돌아온다' … <마음이 쉬어가는 곳 : 벙커>에 쏟아진 찬사다.

누구나 저마다의 상처를 감춰두는 '자기만의 방'이 있다. <마음이 쉬어가는 곳 : 벙커>는 그 방문을 열고 누군가를 초대하고, 따뜻한 볕을 쬐게 만드는 치유 소설이다. 창비청소년문학상을 수상하며 화려하게 데뷔한 추정경 작가는 학교와 집에서 벌어지는 폭력과 그로 인해 몸과 마음에 입은 상처, 그 회복에 대한 통찰을 하나의 환상적인 이야기로 엮어낸 <마음이 쉬어가는 곳 : 벙커>를 통해 괴로웠던 자신의 10대 시절을 되새기며 틀을 깨는 작품 세계를 일궜다. 2013년 출간 이후 꾸준히 사랑받아온 <마음이 쉬어가는 곳 : 벙커>는 특유의 온기어린 시선이 담긴 새로운 옷을 입고 2020년 개정판으로 출간되었다.

피해자였다가 순식간에 가해자가 된 한 아이의 충격적인 경험과 가정에서는 무자비한 폭력의 대상이면서 학교에서는 그에 못지않은 폭군인 또 다른 아이의 사연이 촘촘히 엮이며, 쉽사리 확대되고 재생산되는 폭력의 속성과 그 안에서 우리에게 필요한 회복과 화해가 무엇인지 고찰한다.",http://www.aladin.co.kr/shop/wproduct.aspx?ItemId=253183972&amp;partner=openAPI&amp;start=api
여름이 물러가고,김수연,https://image.aladin.co.kr/product/25317/68/cover500/8954675034_1.jpg,"책소개
젊은 상상력을 통해 현재와 미래를 가늠해보려는 시도 아래 제정된 문학동네 대학소설상은 발굴되지 않은 목소리에서 새로운 가능성을 발견하는 일을 주저하지 않으며 이종산, 정지향, 임솔아, 이희주 등 현재 개성적인 작품세계를 구축해나가고 있는 작가들을 소개해왔다.

상이 운영될 당시 심사과정에서 이례적인 순간이 몇 있었는데, 그중 하나가 제2회 문학동네 대학소설상을 선정할 때였다. 다양한 응모작들이 저마다의 장점을 빛내며 치열하게 경합하는 가운데 당선작이 정해지는 일반적인 심사와 달리, ""당선작 선정에 이견이 없어서 싱겁다고 표현해도 될 정도의 만장일치""로 심사위원들을 사로잡은 작품이 있었던 것이다.

당선작은 ""매력적인 캐릭터 구축 능력, 학원가와 대학가 인근 등을 섭렵하는 공간감, 자기 세대의 문제를 포착하는 시선 모두 남달랐다""라는 평을 받으며 특목고 입시 경쟁에 내몰린 아이들을 그려낸 <브라더 케빈>으로, 작품을 쓴 김수연 작가는 당시 스물세 살의 젊은 극작과생이었다. 수상 직후 이루어진 한 인터뷰에서 김수연은 ""연극은 좋은 게 안 외롭잖아요""라고 고백하며 여러 사람이 협업해 무대를 만들고 그 위에서 연기를 하는 일의 매력에 대해 이야기한 바 있다.

그런 그가 자신의 전공을 십분 살려 오랜 기간 매만진 끝에 선보이는 두번째 장편소설 <여름이 물러가고>는 한때 자신의 모든 걸 내던지게 했지만 현실의 무게에 압도당해 한발 물러날 수밖에 없었던 '연극'을 향해 다시 한번 뛰어드는 두 명의 청년과, 예상치 못한 교통사고 때문에 그 두 사람의 삶에 얽혀들게 된 한 고등학생이 때로는 우스꽝스럽게 때로는 진지하게 함께 무대를 만들어가는 과정을 담아냈다.",http://www.aladin.co.kr/shop/wproduct.aspx?ItemId=253176834&amp;partner=openAPI&amp;start=api
광장 / 구운몽,최인훈,https://image.aladin.co.kr/product/5201/7/cover500/8932027099_2.jpg,"책소개
문학과지성사 소설 명작선 1권. 해방 후 한국 현대 문학을 대표하며, 한국인의 삶의 궤적을 20세기 세계사의 진폭 속에 위치시키고 인간 존재의 본질 규명에 주력하는 무수한 기념비적 작품들의 작가이자 살아 있는 지식인의 표상, 다름 아닌 작가 최인훈이다. 그의 대표작 <광장>은, 1960년에 처음 발표되고 55년이 흐른 지금까지 세대를 거쳐 거듭 읽히며 사랑받고 있는 작품이다.

해방―전쟁―분단으로 이어지는 한국 근현대사와 궤를 같이하는 주인공 이명준의 깊은 갈망과 고뇌를 그린 <광장>은 남북 간의 이념-체제에 대한 냉철하고도 치열한 성찰로써 그 깊이를 드러내며, 공산주의와 자본주의의 이항대립을 극복하려는 한 개인의 역정이기도 하다.

반세기가 넘도록 한민족의 여전한 현실인 분단 상황을 상기할 때 이 작품의 문제의식은 여전히 유효하다. 무엇보다 삶의 일회성에 대한 첨예한 인식, 개인과 사회/국가가 간의 긴장과 갈등, 인간의 자유와 사랑과 같은 본질적 주제에 대한 폭넓은 성찰이야말로 <광장>이 한국 현대 문학사 최고의 고전일 수밖에 없는 이유다.",http://www.aladin.co.kr/shop/wproduct.aspx?ItemId=52010705&amp;partner=openAPI&amp;start=api
나는 소망한다 내게 금지된 것을,양귀자,https://image.aladin.co.kr/product/18936/52/cover500/8998441071_1.jpg,"책소개
작가 양귀자의 장편소설. 1992년에 초판이 나오자마자 바로 페미니즘 논란과 함께 화제의 중심에 올랐고 그해 최고의 베스트셀러가 되었다. 1986년, <원미동 사람들>로 80년대 한국사회의 부박한 삶을 축약해서 보여주고, 90년 첫 번째 장편소설 <희망>으로 급변하는 시대의 갈등과 모순을 굽이치는 이야기에 담아 묵직한 감동을 안겨줬던 작가가 펴낸 두 번째 장편소설이 <나는 소망한다 내게 금지된 것을>이다.

젊은 여성이 인기 남자배우를 납치해서 감금하고 조종하는 이 소설은 발간 직후부터 독자와 평단의 관심을 집중시켰다. 우선은 지금까지의 양귀자 소설과는 달라도 너무 달랐다. 파격적인 줄거리와 주인공 강민주의 거침없고 대담한 행보는 동시대 이웃들의 고달픈 삶을 연민과 세심함으로 감싸 안았던 양귀자 소설 세계에서는 놀라울 만큼 대단한 변신이었다.",http://www.aladin.co.kr/shop/wproduct.aspx?ItemId=189365205&amp;partner=openAPI&amp;start=api
모순,양귀자,https://image.aladin.co.kr/product/2584/37/cover500/8998441012_2.jpg,"책소개
작가 양귀자가 1998년 펴낸 네 번째 장편소설로, 책이 나온 지 한 달 만에 무서운 속도로 베스트셀러 1위에 진입, 출판계를 놀라게 하고 그해 최고의 베스트셀러로 자리 잡으면서 ‘양귀자 소설의 힘’을 다시 한 번 유감없이 보여준 소설이다.

초판이 나온 지 벌써 15년이 흘렀지만 이 소설 <모순>은 아주 특별한 길을 걷고 있다. 그때 20대였던 독자들은 지금 결혼을 하고 30대가 되어서도 가끔씩 <모순>을 꺼내 다시 읽는다고 했다. 다시 읽을 때마다 전에는 몰랐던 소설 속 행간의 의미를 깨우치거나 세월의 힘이 알려준 다른 해석에 놀라면서 “내 인생의 가장 소중한 책 한 권”으로 꼽는 것을 주저하지 않는다. <모순>이 특별한 것은 대다수의 독자들이 한 번만 읽고 마는 것이 아니라 적어도 두 번, 혹은 세 번 이상 되풀이 읽고 있다는 사실에 있다.

<모순>을 열 번도 더 읽었다는 블로그 독후감도 종종 만난다. 열성 독자들은 끊임없이 소설 속 문장들을 기록하고 전달하고 반추하며 흔적을 남기고 있다. 이 소설이 지금까지 132쇄를 찍으면서 끊임없이 독자들에게 회자되고 있는 힘은 참 불가사의하다.

최근 양귀자 소설의 모든 저작권을 양도받은 도서출판 「쓰다」는 새로이 <모순>의 개정판을 내면서 그런 독자들을 가장 염두에 두었다. 오래도록 소장할 수 있는 책, 진정한 내 인생의 책으로 소유할 수 있는 책이 되고자 세련된 양장본으로 독자와 만난다.",http://www.aladin.co.kr/shop/wproduct.aspx?ItemId=25843736&amp;partner=openAPI&amp;start=api
순이삼촌 (출간 40주년 기념 특별 한정판),현기영,https://image.aladin.co.kr/product/23638/85/cover500/8936438093_1.jpg,"책소개
우리 현대사를 문학적으로 형상화한 여러 작품 중에서 현기영의 '순이 삼촌'은 제주 4·3사건의 은폐된 진실을 최초로 파헤친 소설로 발표 당시부터 충격을 안겼던 문제작이었다. 1979년 초판이 발행된 이래 40년 동안 '순이 삼촌'은 문학적인 울림을 넘어서 우리 현대사를 바로잡는 데 기여한 바 크다. 출간 40주년을 맞아 선보이는 이번 특별 한정판은 1979년 초판의 디자인대로 작고한 판화가 오윤의 그림을 활용했다.

소설집 <순이 삼촌>에는 표제작을 포함해 10편의 소설이 실려 있다. 오랫동안 금기시했던 '4·3사건'을 최초로 세상에 알린 「순이 삼촌」, '그날'의 처절한 현장을 역사적 현재의 수법으로 절실하게 재현해낸 「도령마루의 까마귀」, '4·3사건'의 비극을 과거의 역사가 아니라 현재적 사건으로 부각시킨 「해룡이야기」 등 초기 3부작이 돋보인다. '폭도'에 가담한 아버지를 둔 소년의 불안한 심리를 묘사한 등단작 「아버지」 역시 '4·3사건'과 맞닿아 있다.

또한 지식인의 고뇌와 개인의 무력감을 섬세하게 그린 「아내와 개오동」, 소시민의식을 역설적으로 비판한 「동냥꾼」 등은 작가의 사회의식이 잘 드러나 있으며, 개인의 의식세계를 미학적으로 파헤친 「꽃샘바람」 「초혼굿」 「겨울 앞에서」 등에서는 초기 소설의 경향을 엿볼 수 있다. 조선시대 지배계급의 부정부패를 통렬하게 풍자한 「소드방놀이」는 탁월한 상상력과 상징성으로 오늘의 세태를 정곡으로 찌른다.",http://www.aladin.co.kr/shop/wproduct.aspx?ItemId=236388569&amp;partner=openAPI&amp;start=api
난장이가 쏘아올린 작은 공,조세희,https://image.aladin.co.kr/product/24/16/cover500/s072534244_1.jpg,"책소개
70년대 암울했던 우리 사회의 현실을 우화적 기법으로 형상화해낸 걸작.",http://www.aladin.co.kr/shop/wproduct.aspx?ItemId=241650&amp;partner=openAPI&amp;start=api
광장 / 구운몽,최인훈,https://image.aladin.co.kr/product/281/47/cover500/8932019150_1.jpg,"책소개
최인훈 전집 1권. <광장>은 분단 상황에서 이데올로기의 대립 속에 고뇌하던 청년의 모습을 그린 장편소설. 전후의 문제소설로 평가받고 있다. 한 지식인의 외로운 자기성찰을 밀실과 광장, 즉 남과 북의 대비를 통해 묘사하고 있다. 이데올로기와 사랑이라는 문제에 맞닥뜨려 제3국을 택했던 석방 포로 이명준이 끝내 자살의 길로 치닫을 수밖에 없었던 사연을 그린 작품이다.",http://www.aladin.co.kr/shop/wproduct.aspx?ItemId=2814706&amp;partner=openAPI&amp;start=api
무진기행,김승옥,https://image.aladin.co.kr/product/96/57/cover500/8937461498_2.jpg,"책소개
김승옥 소설집 <무진기행>이 민음사 세계문학전집의 149번째 권으로 출간되었다. 1960년대 '감수성의 혁명'을 일으키며, 짧은 기간 단숨에 김승옥을 한국 문단의 '살아 있는 신화'로 만든 주요 소설들을 한자리에 모았다.

한국 문학사 최고의 단편소설 가운데 하나로 꼽히는 '무진기행'을 비롯해, 1962년 등단작인 '생명연습', 동인문학상 수상작 '서울 1964년 겨울', 이상문학상 수상작 '서울의 달빛 0장', 건', '역사', '차나 한 잔', '다산성', '염소는 힘이 세다', '야행' 등 총 10편의 소설이 수록되었다.

감각적이고 섬세한 시선과 탁월한 언어적 기교를 통해 만들어진 김승옥 소설의 참신함은 '전후문학의 기적', '감수성의 혁명', '단편소설의 전범' 등으로 일컬어지며 비평가들의 화려한 찬사를 받았고, 동시대는 물론 시대를 뛰어넘어 수많은 독자들을 매료시켰다.

작가 김승옥은 이전 세대의 소설들이 지니지 못했던 독특함을 소설 속에 담았다. 그의 소설에는 기존의 도덕적 상상력과 윤리적 세계관의 굴레에서 벗어난 자유로움이 있었다. '사회'라는 틀에서 벗어나 개인의 감성과 감각을 치밀하게 묘사한 그의 작품들은, '한국 문학의 경향을 새롭게 바꾸어 놓았다'는 평가를 이끌어내기도 했다.",http://www.aladin.co.kr/shop/wproduct.aspx?ItemId=965741&amp;partner=openAPI&amp;start=api
새의 선물,은희경,https://image.aladin.co.kr/product/836/8/cover500/8954613659_1.jpg,"책소개
등단 첫 해의 은희경에게 '문학동네 소설상'을 안겨준 작품 <새의 선물>이 출간 15년 만에 새옷을 입고 출간되었다. 1995년 출간된 이래 지금까지 73쇄를 찍으며 꾸준히 독자들의 사랑을 받아온 이 소설은 환멸의 학습을 통해 인간 성숙을 그린 뛰어난 성장소설이자 지난 연대 우리 사회의 세태를 실감나게 그린 재미있는 세태소설이다.

1995년 당시 '문학동네 소설상' 예심 심사위원들은 '만일 이 작품이 떨어진다면 그 이유는 이 소설이 너무 재미있기 때문일 것이다'라고 하였으며, 본심 심사를 맡았던 문학 평론가 김화영은 '삶의 진실에 던져지는 날카롭고 에누리 없는 시선'을 사르트르의 <말>과 비교하며 높이 평가했다.

1995년 무궁화호가 발사되는 광경을 본 내레이터가 아폴로 11호가 달을 향해 발사되던 69년 열두 살 소녀시절을 회상해 보는 '액자소설' 형식이다. 지방 소읍에서 부모 없이 외할머니 슬하에서 살던 소녀가 '나는 삶이 내게 별반 호의적이지 않다는 것을 알았기에 열두 살에 성장을 멈췄다'고 선언한다. 그런 소녀의 눈에는 어른들 삶의 이면이 신비스럽다기보다는 허위에 차 있고 우스꽝스럽게 비쳐진다.",http://www.aladin.co.kr/shop/wproduct.aspx?ItemId=8360846&amp;partner=openAPI&amp;start=api
이상 소설 전집,이상,https://image.aladin.co.kr/product/2062/36/cover500/8937463008_2.jpg,"책소개
'민음사 세계문학전집' 300권. 이상 소설 전집. ""나는 죽지 못하는 실망과 살지 못하는 복수, 이 속에서 호흡을 계속할 것이다. 나는 지금 희망한다. 그것은 살겠다는 희망도 죽겠다는 희망도 아무것도 아니다. 다만 이 무서운 기록을 다 써서 마치기 전에는 나의 그 최후에 내가 차지할 행운은 찾아와 주지 말았으면 하는 것이다. 무서운 기록이다. 펜은 나의 최후의 칼이다.""

스무 살 젊은 나이에 쓴 첫 번째 소설이자 유일한 장편소설, <십이월 십이 일>에서 이상은 이렇게 말했다. 그에게 있어 ""무서운 기록""이자 ""최후의 칼""인 '소설 쓰기'는 당시 한국 사회가 직면했던 현실의 위기와 그 위기를 살아 내야 했던 우리들의 불안, 공포, 절망의 표현이었다고 할 수 있을 것이다.

'천재', '광인', 혹은 '모던 보이'라고 불리우는 이상은 시인으로도 잘 알려져 있지만 실험적 구성과 파격적 문체를 통해 식민지 근대 한국과 그 시기를 살아 낸 사람들의 혼란스럽고 불안한 내면 심리를 형상화한 훌륭한 소설가이기도 하다.

이상은 사회 존재 기반, 삶의 배경 없이 추상적으로만 존재하는 소설 속 등장인물들을 통해, 뿌리 뽑힌 도시인과 소외된 지식인의 억압된 충동, 감추어진 욕구를 폭로하며 그들의 무의식을 처절하게 드러내고자 했다. 어떤 특정 이념에 기대지 않은 채 단지 자신만의 특이한 시각과 생각에 충실한 '소설 쓰기'는 이상의 모더니스트적 면모와 더불어 시대의 예술 철학에 도전한 천재적 재능을 거침없이 보여 준다. 실험성과 전위성으로 인해 오늘날에도 다양한 비평 담론과 논쟁을 야기하는 이상의 소설을 한 권에 엮었다.",http://www.aladin.co.kr/shop/wproduct.aspx?ItemId=20623619&amp;partner=openAPI&amp;start=api
나목.도둑맞은 가난,박완서,https://image.aladin.co.kr/product/59/28/cover500/8937420112_1.jpg,"책소개
소설가 박완서의 초기 대표작 7편 수록한 작품집이다. 표제작 '나목', '도둑맞은 가난'을 비롯하여 총 일곱 편의 소설을 모아 엮었다. '나목'은 화가 박수근을 모델로 쓴 작품. 1970년 「여성동아」 장편소설 공모에 당선되어 박완서의 작가 생활을 열어준 첫 번째 소설이다.

해방 이후부터 1990년대에 이르기까지, 한국 현대 문학을 대표하는 작가들의 주요 작품들을 소개하는 '오늘의 작가 총서'. 1999년부터 2004년에 걸쳐 22권으로 출간되었던 것을, 2005년 새로운 디자인과 판형으로 다시 펴냈다. 2005년 판은 총 28권으로 구성되며, 작가 연보와 작품 이해를 돕는 해설(일부 작품)이 실려 있다.",http://www.aladin.co.kr/shop/wproduct.aspx?ItemId=592849&amp;partner=openAPI&amp;start=api
원미동 사람들,양귀자,https://image.aladin.co.kr/product/2187/40/cover500/8998441004_2.jpg,"책소개
작가 양귀자가 경기도 부천시 원미동이라는 삶의 공간을 무대로 80년대 소시민들의 삶을 압축해서 보여준 연작소설집이다. <원미동 사람들>에 실린 11편의 소설은 1986년 3월부터 1987년 8월까지 문예지를 중심으로 집중적으로 발표되었는데 소설이 발표될 때마다 문단이 크게 주목하여 이미 문제작으로 자리매김을 하였다.

1987년 문학과지성사에서 <원미동 사람들> 초판이 발행되었고, 현재까지 총111쇄를 기록하며 지금 이 순간에도 서점가의 스테디셀러로 시간의 벽을 뛰어넘고 있다. 이번에 도서출판 쓰다에서 새롭게 모습을 바꾸어 출간한 4판은 한층 가독성 있는 편집으로 독자와 만난다.",http://www.aladin.co.kr/shop/wproduct.aspx?ItemId=21874073&amp;partner=openAPI&amp;start=api
토지 2,박경리,https://image.aladin.co.kr/product/1889/99/cover500/8960532428_1.jpg,"책소개
43년 만에 다시 태어나는 박경리의 <토지>. 이번 마로니에북스판 <토지>는 <토지> 출간 이후 43년 동안 연재와 출판을 거듭하며 와전되거나 훼손되었던 작가의 원래 의도를 복원한 판본이란 점에서 큰 의미를 지닌다.

마로니에북스는 토지 편찬위원회가 2002년부터 2012년 현재까지 정본작업을 진행한 정황을 토대로 토지 편찬위원회 교수진들과 함께 작가의 의도와 가장 가까운 토지를 출간하기 위해 연재본을 저본으로 한 작업을 진행하였다. 이 작업을 통해 작가 고유의 목소리를 살려낼 뿐만 아니라 여러 판본의 전권을 일일이 비교.검토하며 수정되지 않은 오류와 왜곡들도 바로잡았다.

<토지>는 한국문학사의 기념비적인 작품이다. 1969년에서 1994년까지 26년 동안 집필되었으며, 그 크기만 해도 200자 원고지 4만여 장에 이르는 방대한 분량이다. 구한말에서 일제 강점기를 거쳐 해방에 이르기까지의 무수한 역사적 사건과 민중들의 삶이 고스란히 <토지>에 담겨 있다. 한마디로 '소설로 쓴 한국근대사'라 할 수 있다.

<토지>에는 평사리의 대지주인 최참판댁의 흥망성쇠를 중심으로 동학혁명, 식민지시대, 해방에 이르기까지 우리 민족의 한 많은 근현대사가 폭넓게 그려져 있다.

당시 사회의 모든 계층을 아우르는 인물들과 반세기에 걸친 장대한 서사, 그리고 참다운 삶에 대한 끊임없는 탐구 등은 작가의 생생하고 아름다운 문체를 만나 한국문학에 큰 획을 그은 <토지>로 태어났다. 국내를 넘어 독일, 영국, 프랑스, 일본, 중국 등 국외로도 이름을 떨치고 있는 <토지>에 대한 재조명은 당연히 예정되어 있던 수순이라 하겠다.",http://www.aladin.co.kr/shop/wproduct.aspx?ItemId=18899924&amp;partner=openAPI&amp;start=api
토지 3,박경리,https://image.aladin.co.kr/product/1889/99/cover500/8960532436_1.jpg,"책소개
43년 만에 다시 태어나는 박경리의 <토지>. 이번 마로니에북스판 <토지>는 <토지> 출간 이후 43년 동안 연재와 출판을 거듭하며 와전되거나 훼손되었던 작가의 원래 의도를 복원한 판본이란 점에서 큰 의미를 지닌다.

마로니에북스는 토지 편찬위원회가 2002년부터 2012년 현재까지 정본작업을 진행한 정황을 토대로 토지 편찬위원회 교수진들과 함께 작가의 의도와 가장 가까운 토지를 출간하기 위해 연재본을 저본으로 한 작업을 진행하였다. 이 작업을 통해 작가 고유의 목소리를 살려낼 뿐만 아니라 여러 판본의 전권을 일일이 비교.검토하며 수정되지 않은 오류와 왜곡들도 바로잡았다.

<토지>는 한국문학사의 기념비적인 작품이다. 1969년에서 1994년까지 26년 동안 집필되었으며, 그 크기만 해도 200자 원고지 4만여 장에 이르는 방대한 분량이다. 구한말에서 일제 강점기를 거쳐 해방에 이르기까지의 무수한 역사적 사건과 민중들의 삶이 고스란히 <토지>에 담겨 있다. 한마디로 '소설로 쓴 한국근대사'라 할 수 있다.

<토지>에는 평사리의 대지주인 최참판댁의 흥망성쇠를 중심으로 동학혁명, 식민지시대, 해방에 이르기까지 우리 민족의 한 많은 근현대사가 폭넓게 그려져 있다.

당시 사회의 모든 계층을 아우르는 인물들과 반세기에 걸친 장대한 서사, 그리고 참다운 삶에 대한 끊임없는 탐구 등은 작가의 생생하고 아름다운 문체를 만나 한국문학에 큰 획을 그은 <토지>로 태어났다. 국내를 넘어 독일, 영국, 프랑스, 일본, 중국 등 국외로도 이름을 떨치고 있는 <토지>에 대한 재조명은 당연히 예정되어 있던 수순이라 하겠다.",http://www.aladin.co.kr/shop/wproduct.aspx?ItemId=18899997&amp;partner=openAPI&amp;start=api
아홉살 인생,위기철,https://image.aladin.co.kr/product/24012/19/cover500/k772639415_1.jpg,"책소개
아홉 살의 고단한 인생을 사는 주인공 백여민 눈을 통해 본, 지지리 가난했지만 함께 어울려 살았던 1960년대 산동네 사람들의 힘들면서도 가슴 따뜻한 이야기. 진실한 거짓말쟁이 신기종, ‘지구 여인’을 사랑한 ‘외계인’ 골방철학자, 너무 일찍 어른이 되어 버린 검은제비 등의 인물들에게서 우리는 잔잔한 웃음과 진한 감동을 느낄 수 있다.",http://www.aladin.co.kr/shop/wproduct.aspx?ItemId=240121933&amp;partner=openAPI&amp;start=api
천변풍경,박태원,https://image.aladin.co.kr/product/53/97/cover500/8932015708_1.jpg,"책소개
우리 문학사의 주옥같은 작품을 한자리에 모은 한국문학전집이 발간되었다. 이번 전집은 문학사의 일반적인 평가를 참조하여 작가별로 편차를 두어 목록을 기획했으며, 각 작가의 대표작을 중심으로 구성하되 대표작으로 인정되는 작품들과 숨겨진 수작들도 다양하게 실었다. 또한 작품의 원본을 토대로 연재본과 다른 판본과의 대조로 오류를 수정했다.

각 작가의 전공자들인 책임 편집자들이 곁들인 낱말 풀이와 해설, 주석도 독자들에게 충실한 길잡이를 제공한다. 이밖에도 맞춤법과 띄어쓰기의 변환 작업에서 가급적 현대어 표기를 적용시켰으며, 저작권과 관련된 사항에서도 정식 계약을 체결하여 진행하였다.

'소설가 구보씨의 일일'의 작가 박태원이 펼쳐 보이는 1930년대 서울의 파노라마식 풍경화. 근대 자본주의 사회의 이데올로기와 일상성에 대한 비판에 몰두하던 박태원 초기 작품의 모더니즘 경향과, 리얼리즘 미학의 경계를 넘나드는 역작이다. 식민지 상황에서 기형적으로 실현되던 근대화의 양상을 민중의 생활에 초점을 맞춰 포착해냈다.",http://www.aladin.co.kr/shop/wproduct.aspx?ItemId=539775&amp;partner=openAPI&amp;start=api
해설과 함께 읽는 운수 좋은 날 / 날개 외,전도현,https://image.aladin.co.kr/product/19052/62/cover500/k192635295_1.jpg,"책소개
한국 대표 단편선 5권. 한국 대표 단편선을 주제별로 엮어 총 6권으로 기획하였다. 청소년에게 간접 경험을 제공하고 인생과 세상에 대한 폭넓은 인식을 자극하고 세련된 정서를 길러주고자 하였다. 또 예비 수험생들에게는 작품에 대한 지식과 감상 능력을 길러주기 위해 교과서에 많이 실린 작품을 위주로 선정하여 수록하였다. 이 책은 한국 대표 단편선 시리즈 중 다섯 번째 작품집이다.

'한국 대표 단편선'은 매 작품마다 평론가 전도현 선생님의 친절하고 깊이 있는 해설을 덧붙였다. ‘작가 소개’, ‘작품 해설’, ‘선생님이 들려주는 그 시절 이야기’와 ‘뜻풀이’를 곁들여 청소년들이 작품을 쉽게 감상하기 위한 발판을 마련하였다.",http://www.aladin.co.kr/shop/wproduct.aspx?ItemId=190526299&amp;partner=openAPI&amp;start=api
토지 15,박경리,https://image.aladin.co.kr/product/1890/92/cover500/896053255x_1.jpg,"책소개
43년 만에 다시 태어나는 박경리의 <토지>. 이번 마로니에북스판 <토지>는 <토지> 출간 이후 43년 동안 연재와 출판을 거듭하며 와전되거나 훼손되었던 작가의 원래 의도를 복원한 판본이란 점에서 큰 의미를 지닌다.

마로니에북스는 토지 편찬위원회가 2002년부터 2012년 현재까지 정본작업을 진행한 정황을 토대로 토지 편찬위원회 교수진들과 함께 작가의 의도와 가장 가까운 토지를 출간하기 위해 연재본을 저본으로 한 작업을 진행하였다. 이 작업을 통해 작가 고유의 목소리를 살려낼 뿐만 아니라 여러 판본의 전권을 일일이 비교.검토하며 수정되지 않은 오류와 왜곡들도 바로잡았다.

<토지>는 한국문학사의 기념비적인 작품이다. 1969년에서 1994년까지 26년 동안 집필되었으며, 그 크기만 해도 200자 원고지 4만여 장에 이르는 방대한 분량이다. 구한말에서 일제 강점기를 거쳐 해방에 이르기까지의 무수한 역사적 사건과 민중들의 삶이 고스란히 <토지>에 담겨 있다. 한마디로 '소설로 쓴 한국근대사'라 할 수 있다.

<토지>에는 평사리의 대지주인 최참판댁의 흥망성쇠를 중심으로 동학혁명, 식민지시대, 해방에 이르기까지 우리 민족의 한 많은 근현대사가 폭넓게 그려져 있다.

당시 사회의 모든 계층을 아우르는 인물들과 반세기에 걸친 장대한 서사, 그리고 참다운 삶에 대한 끊임없는 탐구 등은 작가의 생생하고 아름다운 문체를 만나 한국문학에 큰 획을 그은 <토지>로 태어났다. 국내를 넘어 독일, 영국, 프랑스, 일본, 중국 등 국외로도 이름을 떨치고 있는 <토지>에 대한 재조명은 당연히 예정되어 있던 수순이라 하겠다.",http://www.aladin.co.kr/shop/wproduct.aspx?ItemId=18909219&amp;partner=openAPI&amp;start=api
토지 17,박경리,https://image.aladin.co.kr/product/1890/97/cover500/8960532576_1.jpg,"책소개
43년 만에 다시 태어나는 박경리의 <토지>. 이번 마로니에북스판 <토지>는 <토지> 출간 이후 43년 동안 연재와 출판을 거듭하며 와전되거나 훼손되었던 작가의 원래 의도를 복원한 판본이란 점에서 큰 의미를 지닌다.

마로니에북스는 토지 편찬위원회가 2002년부터 2012년 현재까지 정본작업을 진행한 정황을 토대로 토지 편찬위원회 교수진들과 함께 작가의 의도와 가장 가까운 토지를 출간하기 위해 연재본을 저본으로 한 작업을 진행하였다. 이 작업을 통해 작가 고유의 목소리를 살려낼 뿐만 아니라 여러 판본의 전권을 일일이 비교.검토하며 수정되지 않은 오류와 왜곡들도 바로잡았다.

<토지>는 한국문학사의 기념비적인 작품이다. 1969년에서 1994년까지 26년 동안 집필되었으며, 그 크기만 해도 200자 원고지 4만여 장에 이르는 방대한 분량이다. 구한말에서 일제 강점기를 거쳐 해방에 이르기까지의 무수한 역사적 사건과 민중들의 삶이 고스란히 <토지>에 담겨 있다. 한마디로 '소설로 쓴 한국근대사'라 할 수 있다.

<토지>에는 평사리의 대지주인 최참판댁의 흥망성쇠를 중심으로 동학혁명, 식민지시대, 해방에 이르기까지 우리 민족의 한 많은 근현대사가 폭넓게 그려져 있다.

당시 사회의 모든 계층을 아우르는 인물들과 반세기에 걸친 장대한 서사, 그리고 참다운 삶에 대한 끊임없는 탐구 등은 작가의 생생하고 아름다운 문체를 만나 한국문학에 큰 획을 그은 <토지>로 태어났다. 국내를 넘어 독일, 영국, 프랑스, 일본, 중국 등 국외로도 이름을 떨치고 있는 <토지>에 대한 재조명은 당연히 예정되어 있던 수순이라 하겠다.",http://www.aladin.co.kr/shop/wproduct.aspx?ItemId=18909775&amp;partner=openAPI&amp;start=api
그대 아직도 꿈꾸고 있는가,박완서,https://image.aladin.co.kr/product/1494/48/cover500/893380191x_1.jpg,"책소개
'박완서 소설전집 결정판' 18권. 일찌감치, '호주제'라는 남녀 불평등한 악습을 따른 제도를 소재로 삼아 사회 공론화시킨 소설이다. 특히 이 작품은 사회 깊은 곳에 내재되어 있던 여성 해방 욕구를 행정적, 법적 제도와 엮어, 전통적 권력과 제도적 권력에 움츠려 있던 대중과의 소통을 효과적으로 성공시킨 것으로 평가받으며 폭발적인 인기를 얻었다. 2003년 드라마로도 방영되었다.

결혼에 한 번 실패한 차문경과 부인과 사별한 지 얼마 되지 않은 김혁주, 비슷한 시기에 홀로된 이들은 동창회에서 재회하고 곧바로 사랑에 빠진다. 문경은 부인과 사별한 지 얼마 지나지 않은 혁주를 생각해 3년이 지난 뒤 결혼을 하기로 한다. 그러나 문경이 의심해마지 않던 둘의 결혼은 혁주의 변심으로 깨지고, 문경은 미혼모라는 굴레와 아비 없는 아이, 가난한 삶만이 남았을 뿐이다. 그리고 7년 후, 혁주는 경제력과 화목한 가정을 이루고도 단 하나 가지지 못한 것, 아들을 차지하기 위해 다시 문경의 인생에 나타난다.

상류층으로 도약하기 위해 발버둥치는 서울 사람들을 그린 중편 소설 '서울 사람들'도 함께 실었다. 남성 중심의 법과 제도를 다룬 '그대 아직도 꿈꾸고 있는가'와 부동산 투기 광풍과 결혼 풍속을 비튼 '서울 사람들'은 현대 서울 사람들의 행태와 내면 세계를 예리하게 묘사하고 있다.",http://www.aladin.co.kr/shop/wproduct.aspx?ItemId=14944885&amp;partner=openAPI&amp;start=api
객지,황석영,https://image.aladin.co.kr/product/24075/21/cover500/8954671578_1.jpg,"책소개
한국문학의 살아 있는 거장 황석영의 중단편전집이 새로이 출간되었다. 처음 출간된 지 20년이 지난 중단편전집의 체재와 표기 등을 가다듬고, 장정을 새롭게 하고, 신작 「만각 스님」까지 포함해 완전한 중단편전집으로 개비한 것이다.

『객지』는 1960년대 후반 바닷가 간척공사 현장을 배경으로 저임금과 부당한 처우에 시달리던 떠돌이 노동자들이 쟁의를 일으키는 과정을 그린 작품으로, 해방 이후 한국사회에서 노동자 쟁의의 현장을 최초로 형상화해 1970, 80년대 노동소설의 선구로 평가받는 소설이다.

막노동판의 생리에 대한 생생한 묘사와 ‘대위’ ‘동혁’ ‘장씨’ 등 개성적이고 입체적인 인물, 치밀하게 직조된 플롯이 완벽하게 결합한 이 작품은 ‘한국 근대소설의 한 정전’(문학평론가 신수정)이자 ‘문학과 세상이 서로를 가깝고 간절하게 부르고 껴안으면서 역사의 설레는 방향성을 이룬’ 한 시기의 빛나는 ‘창공의 성좌’(문학평론가 정홍수)로서 시대를 넘어 감동을 준다.",http://www.aladin.co.kr/shop/wproduct.aspx?ItemId=240752182&amp;partner=openAPI&amp;start=api
나는 나를 파괴할 권리가 있다,김영하,https://image.aladin.co.kr/product/750/76/cover500/895461177x_1.jpg,"책소개
제1회 문학동네 신인작가상 수상작. 삶과 화해하지 못하는 인물들의 자살을 도와주는 자살안내인이 화자로 등장한다. 화자의 고객으로 '유디트'를 닮은 세연은 형제인 C·K와 기묘한 삼각관계를 이룬다. 정주하지 못하고 부박하는 삶을 사는 세 주인공을 중심으로 황폐한 삶의 단면을 보여준다. 2003년 정보석, 추상미 주연의 영화로도 제작되었다.",http://www.aladin.co.kr/shop/wproduct.aspx?ItemId=7507678&amp;partner=openAPI&amp;start=api
구운몽,김만중,https://image.aladin.co.kr/product/39/80/cover500/8937460726_3.jpg,"책소개
서포 김만중이 지은 조선 중기의 대표적 고전소설. 조신 설화의 영향을 받아 입몽-꿈-각몽의 구조를 통해 '인생의 덧없음'이라는 주제를 전한다. 전체적으로 볼 때는 환몽구조이지만, 꿈 속의 삶은 영웅소설+애정소설의 성격을 지닌다.

육관대사의 제자 '성진'은 술에 취해 팔선녀와 희롱한 죄로 인간 세상에 '양소유'란 인물로 환생한다. 양소유는 인간으로 태어난 팔선녀와 다시 만나 연을 맺고 입신양명한다. 2처 6첩을 거느리고 세상의 온갖 복락을 누리던 그는 어느날 문득 삶의 무상함을 깨닫고 생각에 잠긴다. 이후 찾아온 호승과의 문답 가운데 꿈에서 깨어난 그들은 육관대사의 가르침을 받고 극락세계로 돌아간다.

고등학교 교과서에도 일부가 실렸으며, 지금까지 여러 판본과 번역으로 발표된 바 있다. 이번 책은 한글 판본과 한문 판본을 두루 참고하여, 지나친 현대어 번역을 지양하고 옛글의 분위기를 살리고자 노력했다.",http://www.aladin.co.kr/shop/wproduct.aspx?ItemId=398093&amp;partner=openAPI&amp;start=api
토지 1,박경리,https://image.aladin.co.kr/product/1889/81/cover500/896053241x_1.jpg,"책소개
43년 만에 다시 태어나는 박경리의 <토지>. 이번 마로니에북스판 <토지>는 <토지> 출간 이후 43년 동안 연재와 출판을 거듭하며 와전되거나 훼손되었던 작가의 원래 의도를 복원한 판본이란 점에서 큰 의미를 지닌다.

마로니에북스는 토지 편찬위원회가 2002년부터 2012년 현재까지 정본작업을 진행한 정황을 토대로 토지 편찬위원회 교수진들과 함께 작가의 의도와 가장 가까운 토지를 출간하기 위해 연재본을 저본으로 한 작업을 진행하였다. 이 작업을 통해 작가 고유의 목소리를 살려낼 뿐만 아니라 여러 판본의 전권을 일일이 비교.검토하며 수정되지 않은 오류와 왜곡들도 바로잡았다.

<토지>는 한국문학사의 기념비적인 작품이다. 1969년에서 1994년까지 26년 동안 집필되었으며, 그 크기만 해도 200자 원고지 4만여 장에 이르는 방대한 분량이다. 구한말에서 일제 강점기를 거쳐 해방에 이르기까지의 무수한 역사적 사건과 민중들의 삶이 고스란히 <토지>에 담겨 있다. 한마디로 '소설로 쓴 한국근대사'라 할 수 있다.

<토지>에는 평사리의 대지주인 최참판댁의 흥망성쇠를 중심으로 동학혁명, 식민지시대, 해방에 이르기까지 우리 민족의 한 많은 근현대사가 폭넓게 그려져 있다.

당시 사회의 모든 계층을 아우르는 인물들과 반세기에 걸친 장대한 서사, 그리고 참다운 삶에 대한 끊임없는 탐구 등은 작가의 생생하고 아름다운 문체를 만나 한국문학에 큰 획을 그은 <토지>로 태어났다. 국내를 넘어 독일, 영국, 프랑스, 일본, 중국 등 국외로도 이름을 떨치고 있는 <토지>에 대한 재조명은 당연히 예정되어 있던 수순이라 하겠다.",http://www.aladin.co.kr/shop/wproduct.aspx?ItemId=18898138&amp;partner=openAPI&amp;start=api
태평천하,채만식,https://image.aladin.co.kr/product/53/97/cover500/8932015716_1.jpg,"책소개
우리 문학사의 주옥같은 작품을 한자리에 모은 한국문학전집이 발간되었다. 이번 전집은 문학사의 일반적인 평가를 참조하여 작가별로 편차를 두어 목록을 기획했으며, 각 작가의 대표작을 중심으로 구성하되 대표작으로 인정되는 작품들과 숨겨진 수작들도 다양하게 실었다. 또한 작품의 원본을 토대로 연재본과 다른 판본과의 대조로 오류를 수정했다.

각 작가의 전공자들인 책임 편집자들이 곁들인 낱말 풀이와 해설, 주석도 독자들에게 충실한 길잡이를 제공한다. 이밖에도 맞춤법과 띄어쓰기의 변환 작업에서 가급적 현대어 표기를 적용시켰으며, 저작권과 관련된 사항에서도 정식 계약을 체결하여 진행하였다.

부정적인 상황들이 난무하는 시대 현실을 독자적인 문학적 기법과 비판의식으로 그려낸 장편소설. 판소리 사설의 반어, 자기 폭로, 비유, 과장, 희화화 등의 표현법에 사투리를 섞은 요설, 창을 듣는 듯한 느낌과 재미를 선사한다. 세태풍자소설의 장을 열었던 채만식이 쓴 가족사소설의 전형.",http://www.aladin.co.kr/shop/wproduct.aspx?ItemId=539704&amp;partner=openAPI&amp;start=api
엄마의 말뚝,박완서,https://image.aladin.co.kr/product/1494/47/cover500/8933801847_1.jpg,"책소개
'박완서 소설전집 결정판' 11권. 박완서가 쓴 80여 편의 단편소설 중에서 유일한 연작소설이자 대표작으로 손꼽히는 작품이다. '엄마의 말뚝 1'은 송도에서 대처로, 대처에서 서울 문밖으로, 문밖에서 문안으로 이동하던 박완서의 유년 시절 어머니에 대한 기억에 기인한다. '엄마의 말뚝 2'는 가장 고통스러웠던 기억에 고정되어 고통스러워하는 이제는 노쇠한 어머니와 그 모습을 지켜보는 딸의 이야기를 담았고 '엄마의 말뚝 3'은 생명의 불꽃이 점차 사그라지는 어머니의 모습과 어머니의 영원한 안식을 쓴 글이다.

이 세 소설은 시간차를 두고 어머니를 곁에서 지켜보던 박완서 본인의 내밀한 이야기를 담고 있다. 어머니 홍기숙 여사의 삶의 궤적은 한국의 특수한 역사적 상황을 고스란히 담고 있어, 한국 여성의 삶뿐 아니라 역사의 흐름 속 한 인간의 모습을 지켜볼 수 있다.

세계사 '박완서 소설전집 결정판' <엄마의 말뚝>에는 '엄마의 말뚝' 연작과 함께 '유실' '꿈꾸는 인큐베이터' '그 가을의 사흘 동안' 등 개인의 삶을 낱낱이 파헤쳐서 사회를 비판해온 박완서만의 날카로운 시선과 필치가 돋보이는 작품들이 함께 들어 있다.",http://www.aladin.co.kr/shop/wproduct.aspx?ItemId=14944743&amp;partner=openAPI&amp;start=api
젊은 느티나무,강신재,https://image.aladin.co.kr/product/94/39/cover500/8932017921_1.jpg,"책소개
세계와 불화하는 여성 정체성의 문제에 대한 탐구, 감각적인 문체로 주목 받은 1950, 60년대 한국의 대표적 여성작가 강신재의 중단편집. 표제작 '젊은 느티나무'를 포함, 총 10편의 소설이 수록되었다. 예의 서정적인 문체와 관조적 시선, 지적인 분석력으로 풋풋한 사랑 이야기에서 어두운 욕망에 이르기까지 운명의 폭력성과 존재론적 한계를 다루는 작품들이다.

문학과지성사 한국문학전집의 서른한 번째 책으로 출간되었다. 한국문학전집은 작가의 대표작을 중심으로 구성하되 대표작으로 인정되는 작품들과 숨겨진 수작들도 다양하게 실었다. 또한 작품의 원본을 토대로 연재본과 다른 판본과의 대조로 오류를 수정했다.

각 작가의 전공자들인 책임 편집자들이 충실한 낱말 풀이와 해설, 주석을 통해 작품에 대한 길잡이를 제공한다. 맞춤법과 띄어쓰기의 변환 작업에는 가급적 현대어 표기를 적용시켰고, 저작권 관련 사항도 정식 계약을 체결하여 진행했다.",http://www.aladin.co.kr/shop/wproduct.aspx?ItemId=943963&amp;partner=openAPI&amp;start=api
토지 세트 - 전21권 (토지 1~20권 + 토지 인물 사전),박경리,https://image.aladin.co.kr/product/1890/85/cover500/s902639289_1.jpg,"책소개
43년 만에 다시 태어나는 박경리의 <토지>. 이번 마로니에북스판 <토지>는 <토지> 출간 이후 43년 동안 연재와 출판을 거듭하며 와전되거나 훼손되었던 작가의 원래 의도를 복원한 판본이란 점에서 큰 의미를 지닌다.

마로니에북스는 토지 편찬위원회가 2002년부터 2012년 현재까지 정본작업을 진행한 정황을 토대로 토지 편찬위원회 교수진들과 함께 작가의 의도와 가장 가까운 토지를 출간하기 위해 연재본을 저본으로 한 작업을 진행하였다. 이 작업을 통해 작가 고유의 목소리를 살려낼 뿐만 아니라 여러 판본의 전권을 일일이 비교.검토하며 수정되지 않은 오류와 왜곡들도 바로잡았다.

<토지>는 한국문학사의 기념비적인 작품이다. 1969년에서 1994년까지 26년 동안 집필되었으며, 그 크기만 해도 200자 원고지 4만여 장에 이르는 방대한 분량이다. 구한말에서 일제 강점기를 거쳐 해방에 이르기까지의 무수한 역사적 사건과 민중들의 삶이 고스란히 <토지>에 담겨 있다. 한마디로 '소설로 쓴 한국근대사'라 할 수 있다.

<토지>에는 평사리의 대지주인 최참판댁의 흥망성쇠를 중심으로 동학혁명, 식민지시대, 해방에 이르기까지 우리 민족의 한 많은 근현대사가 폭넓게 그려져 있다.

당시 사회의 모든 계층을 아우르는 인물들과 반세기에 걸친 장대한 서사, 그리고 참다운 삶에 대한 끊임없는 탐구 등은 작가의 생생하고 아름다운 문체를 만나 한국문학에 큰 획을 그은 <토지>로 태어났다. 국내를 넘어 독일, 영국, 프랑스, 일본, 중국 등 국외로도 이름을 떨치고 있는 <토지>에 대한 재조명은 당연히 예정되어 있던 수순이라 하겠다.",http://www.aladin.co.kr/shop/wproduct.aspx?ItemId=18908554&amp;partner=openAPI&amp;start=api
홍길동전,허균,https://image.aladin.co.kr/product/310/38/cover500/8937462001_2.jpg,"책소개
최초의 한글소설로 알려진 허균의 <홍길동전>을 소설가 김탁환이 풀어 옮기고, 백범영 화백이 삽화를 그려 넣었다. <홍길동전>은 허균의 눈에 비친 조선 사회에 대한 예리한 비판과 새로운 사회를 향한 갈망, 그리고 율도국으로 대표되는 이상향에 대한 그리움 등이 병존하는 작품이다.

'서자로 태어나 천대를 받고 자라났으나 의적이 되어 탐관오리를 벌하고 백성들을 돕다가, 율도국이라는 나라를 세워 태평성대를 이룬다'는 흔히 알려진 플롯 안에는 적서 차별, 탐관오리의 횡포, 승려의 부패, 조정의 무능함 등이 적나라하게 담겨 있다.

홍길동이라는 영웅의 출세뿐만 아니라, 임진왜란 이후 산적해 있던 조선의 제반 문제를 폭넓게 다룬 사회소설이다. 판각본 가운데 가장 오래된 것으로 학계에서 평가하고 있는 경판 24장본과, 길동에 대한 태몽이 화려하게 서술되고 진취적인 기상의 노래가 결말부에 삽입되어 있는 완판 36장본을 새로이 풀어 옮겼다.",http://www.aladin.co.kr/shop/wproduct.aspx?ItemId=3103872&amp;partner=openAPI&amp;start=api
토지 8,박경리,https://image.aladin.co.kr/product/1890/11/cover500/8960532487_1.jpg,"책소개
43년 만에 다시 태어나는 박경리의 <토지>. 이번 마로니에북스판 <토지>는 <토지> 출간 이후 43년 동안 연재와 출판을 거듭하며 와전되거나 훼손되었던 작가의 원래 의도를 복원한 판본이란 점에서 큰 의미를 지닌다.

마로니에북스는 토지 편찬위원회가 2002년부터 2012년 현재까지 정본작업을 진행한 정황을 토대로 토지 편찬위원회 교수진들과 함께 작가의 의도와 가장 가까운 토지를 출간하기 위해 연재본을 저본으로 한 작업을 진행하였다. 이 작업을 통해 작가 고유의 목소리를 살려낼 뿐만 아니라 여러 판본의 전권을 일일이 비교.검토하며 수정되지 않은 오류와 왜곡들도 바로잡았다.

<토지>는 한국문학사의 기념비적인 작품이다. 1969년에서 1994년까지 26년 동안 집필되었으며, 그 크기만 해도 200자 원고지 4만여 장에 이르는 방대한 분량이다. 구한말에서 일제 강점기를 거쳐 해방에 이르기까지의 무수한 역사적 사건과 민중들의 삶이 고스란히 <토지>에 담겨 있다. 한마디로 '소설로 쓴 한국근대사'라 할 수 있다.

<토지>에는 평사리의 대지주인 최참판댁의 흥망성쇠를 중심으로 동학혁명, 식민지시대, 해방에 이르기까지 우리 민족의 한 많은 근현대사가 폭넓게 그려져 있다.

당시 사회의 모든 계층을 아우르는 인물들과 반세기에 걸친 장대한 서사, 그리고 참다운 삶에 대한 끊임없는 탐구 등은 작가의 생생하고 아름다운 문체를 만나 한국문학에 큰 획을 그은 <토지>로 태어났다. 국내를 넘어 독일, 영국, 프랑스, 일본, 중국 등 국외로도 이름을 떨치고 있는 <토지>에 대한 재조명은 당연히 예정되어 있던 수순이라 하겠다.",http://www.aladin.co.kr/shop/wproduct.aspx?ItemId=18901149&amp;partner=openAPI&amp;start=api
토지 9,박경리,https://image.aladin.co.kr/product/1890/25/cover500/8960532495_1.jpg,"책소개
43년 만에 다시 태어나는 박경리의 <토지>. 이번 마로니에북스판 <토지>는 <토지> 출간 이후 43년 동안 연재와 출판을 거듭하며 와전되거나 훼손되었던 작가의 원래 의도를 복원한 판본이란 점에서 큰 의미를 지닌다.

마로니에북스는 토지 편찬위원회가 2002년부터 2012년 현재까지 정본작업을 진행한 정황을 토대로 토지 편찬위원회 교수진들과 함께 작가의 의도와 가장 가까운 토지를 출간하기 위해 연재본을 저본으로 한 작업을 진행하였다. 이 작업을 통해 작가 고유의 목소리를 살려낼 뿐만 아니라 여러 판본의 전권을 일일이 비교.검토하며 수정되지 않은 오류와 왜곡들도 바로잡았다.

<토지>는 한국문학사의 기념비적인 작품이다. 1969년에서 1994년까지 26년 동안 집필되었으며, 그 크기만 해도 200자 원고지 4만여 장에 이르는 방대한 분량이다. 구한말에서 일제 강점기를 거쳐 해방에 이르기까지의 무수한 역사적 사건과 민중들의 삶이 고스란히 <토지>에 담겨 있다. 한마디로 '소설로 쓴 한국근대사'라 할 수 있다.

<토지>에는 평사리의 대지주인 최참판댁의 흥망성쇠를 중심으로 동학혁명, 식민지시대, 해방에 이르기까지 우리 민족의 한 많은 근현대사가 폭넓게 그려져 있다.

당시 사회의 모든 계층을 아우르는 인물들과 반세기에 걸친 장대한 서사, 그리고 참다운 삶에 대한 끊임없는 탐구 등은 작가의 생생하고 아름다운 문체를 만나 한국문학에 큰 획을 그은 <토지>로 태어났다. 국내를 넘어 독일, 영국, 프랑스, 일본, 중국 등 국외로도 이름을 떨치고 있는 <토지>에 대한 재조명은 당연히 예정되어 있던 수순이라 하겠다.",http://www.aladin.co.kr/shop/wproduct.aspx?ItemId=18902554&amp;partner=openAPI&amp;start=api
토지 14,박경리,https://image.aladin.co.kr/product/1890/91/cover500/8960532541_1.jpg,"책소개
43년 만에 다시 태어나는 박경리의 <토지>. 이번 마로니에북스판 <토지>는 <토지> 출간 이후 43년 동안 연재와 출판을 거듭하며 와전되거나 훼손되었던 작가의 원래 의도를 복원한 판본이란 점에서 큰 의미를 지닌다.

마로니에북스는 토지 편찬위원회가 2002년부터 2012년 현재까지 정본작업을 진행한 정황을 토대로 토지 편찬위원회 교수진들과 함께 작가의 의도와 가장 가까운 토지를 출간하기 위해 연재본을 저본으로 한 작업을 진행하였다. 이 작업을 통해 작가 고유의 목소리를 살려낼 뿐만 아니라 여러 판본의 전권을 일일이 비교.검토하며 수정되지 않은 오류와 왜곡들도 바로잡았다.

<토지>는 한국문학사의 기념비적인 작품이다. 1969년에서 1994년까지 26년 동안 집필되었으며, 그 크기만 해도 200자 원고지 4만여 장에 이르는 방대한 분량이다. 구한말에서 일제 강점기를 거쳐 해방에 이르기까지의 무수한 역사적 사건과 민중들의 삶이 고스란히 <토지>에 담겨 있다. 한마디로 '소설로 쓴 한국근대사'라 할 수 있다.

<토지>에는 평사리의 대지주인 최참판댁의 흥망성쇠를 중심으로 동학혁명, 식민지시대, 해방에 이르기까지 우리 민족의 한 많은 근현대사가 폭넓게 그려져 있다.

당시 사회의 모든 계층을 아우르는 인물들과 반세기에 걸친 장대한 서사, 그리고 참다운 삶에 대한 끊임없는 탐구 등은 작가의 생생하고 아름다운 문체를 만나 한국문학에 큰 획을 그은 <토지>로 태어났다. 국내를 넘어 독일, 영국, 프랑스, 일본, 중국 등 국외로도 이름을 떨치고 있는 <토지>에 대한 재조명은 당연히 예정되어 있던 수순이라 하겠다.",http://www.aladin.co.kr/shop/wproduct.aspx?ItemId=18909168&amp;partner=openAPI&amp;start=api
토지 18,박경리,https://image.aladin.co.kr/product/1890/99/cover500/8960532584_1.jpg,"책소개
43년 만에 다시 태어나는 박경리의 <토지>. 이번 마로니에북스판 <토지>는 <토지> 출간 이후 43년 동안 연재와 출판을 거듭하며 와전되거나 훼손되었던 작가의 원래 의도를 복원한 판본이란 점에서 큰 의미를 지닌다.

마로니에북스는 토지 편찬위원회가 2002년부터 2012년 현재까지 정본작업을 진행한 정황을 토대로 토지 편찬위원회 교수진들과 함께 작가의 의도와 가장 가까운 토지를 출간하기 위해 연재본을 저본으로 한 작업을 진행하였다. 이 작업을 통해 작가 고유의 목소리를 살려낼 뿐만 아니라 여러 판본의 전권을 일일이 비교.검토하며 수정되지 않은 오류와 왜곡들도 바로잡았다.

<토지>는 한국문학사의 기념비적인 작품이다. 1969년에서 1994년까지 26년 동안 집필되었으며, 그 크기만 해도 200자 원고지 4만여 장에 이르는 방대한 분량이다. 구한말에서 일제 강점기를 거쳐 해방에 이르기까지의 무수한 역사적 사건과 민중들의 삶이 고스란히 <토지>에 담겨 있다. 한마디로 '소설로 쓴 한국근대사'라 할 수 있다.

<토지>에는 평사리의 대지주인 최참판댁의 흥망성쇠를 중심으로 동학혁명, 식민지시대, 해방에 이르기까지 우리 민족의 한 많은 근현대사가 폭넓게 그려져 있다.

당시 사회의 모든 계층을 아우르는 인물들과 반세기에 걸친 장대한 서사, 그리고 참다운 삶에 대한 끊임없는 탐구 등은 작가의 생생하고 아름다운 문체를 만나 한국문학에 큰 획을 그은 <토지>로 태어났다. 국내를 넘어 독일, 영국, 프랑스, 일본, 중국 등 국외로도 이름을 떨치고 있는 <토지>에 대한 재조명은 당연히 예정되어 있던 수순이라 하겠다.",http://www.aladin.co.kr/shop/wproduct.aspx?ItemId=18909917&amp;partner=openAPI&amp;start=api
퇴마록 1 : 말세편,이우혁,https://image.aladin.co.kr/product/1998/16/cover500/8954619231_1.jpg,"책소개
총 누적 판매량 1,000만 부의 신화, 한국 장르소설의 전설과도 같은 작품, <퇴마록> 소장판 전14권 드디어 완간. '국내편', '세계편', '혼세편'은 물론이요, <치우천왕기>와 <왜란종결자>까지 아우르는 '이우혁 판타지 월드'가 완성되는 <퇴마록 : 말세편>은 세상의 운명을 짊어지고 있는 박 신부, 현암, 준후, 승희의 힘겨운 최후의 싸움을 담고 있다.

'말세편'에서 네 명의 퇴마사는 악령이나 악당과만 싸우는 것이 아니라 선과 정의와도 싸움을 벌인다. 그 때문에 그들은 더욱 괴로워하며 더욱 고통받는다. 끝까지 진정 세상을 구할 수 있을 것인가에 대한 확신을 가지지 못하지만 그렇기에 이들의 분투는 눈물겹다. 그리고 마지막은 아무도 생각지 못한 형태로 이들을 찾아온다.

이번에 엘릭시르에서 나온 <퇴마록 : 말세편>은 여섯 권이었던 구판을 다섯 권으로 새롭게 구성한 소장판이다. 전반적인 이야기 흐름은 그대로이지만 '세계편'과 '혼세편'에서 개정된 단편들에서 이어지는 내용들을 바로잡았고, 소소한 오류들과 문장도 다듬어 소장판으로서의 가치를 높이고 있다.",http://www.aladin.co.kr/shop/wproduct.aspx?ItemId=19981654&amp;partner=openAPI&amp;start=api
무진기행,김승옥,https://image.aladin.co.kr/product/52/11/cover500/8982818677_1.jpg,"책소개
'무진기행'과 제1회 이상문학상을 수상한 '서울의 달빛 0章'을 비롯한 열다섯 편의 단편소설을 담았다. 작가는 서문에서 '서울의 달빛 0章'의 제목의 유래에 대해 다음과 같이 밝힌다.

""나는 장편으로 구상하고 있던 '서울의 달빛'의 프롤로그 백오십 장을 써내고 서장(序章)이라는 뜻에서 '제0장'이라고 적어 보냈다. 그런데 이어령 선생께서 내게서 다음 제1장의 원고를 받을 수 있다고 기대하는 것은 어리석은 일이라며 본문 맨 처음에 붙어야 할 '0章'을 제목 밑에 갖다붙이는 바람에 제목이 되고 말았다. 책이 나온 다음에야 나는 제목이 괴상하게 길어졌음을 알았다.""

'서울의 달빛 0章'을 집필하게 된 동기는 자신의 친구가 초혼에 실패하게 된 이야기를 들려준 것이었다고 한다. 그의 실패담에서 우리 시대의 독특한 비극을 본 작가는 그 비극성을 독자에게 전달하기 위해 작가의 상상력으로 변형, 과장시켜 형상화했다.",http://www.aladin.co.kr/shop/wproduct.aspx?ItemId=521133&amp;partner=openAPI&amp;start=api
금오신화,김시습,https://image.aladin.co.kr/product/364/56/cover500/8937462044_2.jpg,"책소개
조선 초 천재 문인이자 사상가 김시습이 쓴 우리나라 최초의 소설로 참담한 현실의 무게를 초월적 경험으로 극복하는 다섯 편의 기묘한 이야기를 담은 책이다. 조선 한문학의 낭만적 서정을 느낄 수 있는 한시 원문을 수록하고 있으며, 원문의 내용에 충실하면서도 세련된 현대어로 번역하였다. 또한 고어를 살려 쓴 부분에는 각주가 달려 오늘날의 독자들도 충분히 내용을 음미할 수 있게 돕는다.

김시습은 <금오신화>에서 엉뚱하고 재기발랄한 상상력으로 부조리한 사회에 대한 통렬한 비판을 담아내고 있다. 「만복사저포기」, 「이생규장전」, 「취유부벽정기」, 「남염부주지」, 「용궁부연록」 등 이 책에 실린 다섯 편의 단편은 각각의 개성 넘치는 환상의 세계를 보여 주면서도 소외된 지식인의 깊은 우울감이 깔려 있어 심오하고 복합적인 정조를 느끼게 한다.

<금오신화>에서 작가는 흔히 중국을 무대로 하고 있는 우리나라의 다른 많은 고전 소설들과는 달리 길에서 만난 우리나라의 아름다운 자연과 풍속, 민초들에 대한 애정을 담아서 자주적인 역사 인식을 보여준다. 남원, 송도, 평양, 경주 등 조선의 각 곳의 지명과 조선 사람들, 조선의 역사적 사건들이 등장하는데 당시 지식인들의 세계 인식이 중국을 기반으로 하고 있던 것을 생각해볼 때 혁명적인 시도라고 할 수 있다.",http://www.aladin.co.kr/shop/wproduct.aspx?ItemId=3645632&amp;partner=openAPI&amp;start=api
김약국의 딸들,박경리,https://image.aladin.co.kr/product/2523/86/cover500/8960532622_1.jpg,"책소개
근대화의 격변기 속에서 치열하게 살아간 우리민족의 모습을 담아내어 한국 대하소설의 한 획을 그은 <토지>의 작가 박경리의 또 하나의 대표작. <김약국의 딸들>은 긴 세월에 걸쳐 계속된 재출간 속에서 각장의 소제목이 교체되고 본문의 문장이 뒤바뀌었으며, 급기야는 내용의 일부분이 유실되었다. 이에 이 책은 이전 판본들이 가진 왜곡과 오류를 수정하고 바뀐 내용을 바로잡았으며 구 판본의 발굴을 통해 유실된 부분을 추적하여 복원한 완전판이라고 할 수 있다.

발표 당시, <김약국의 딸들>은 격변하는 시대 속에서 흔들리는 인간 군상의 모습과 근대사회의 문제점들을 여과 없이 보여주며 큰 파장을 일으켰다. 전시대의 유물처럼 쓸쓸히 흘러가는 김약국과 가족을 위한 희생을 운명으로 받아들이는 그의 부인 한실댁, 그리고 김약국의 딸들을 중심으로 펼쳐지는 이야기는 우리 민족사의 축소판인 것이다. 비극으로 치닫는 그들의 삶에서 작가는 생명에 대한 흔들림 없는 믿음을 보여주고 있다.

마을에는 초가삼간이 모여 있고 항구에는 현대화 된 윤선들이 드나든다. 삯바느질을 하는 여인들이 있는가 하면 양조장을 경영하는 고리대금업자도 있다. 이렇듯 작품의 배경인 통영은 급변하는 당대 현실을 잘 보여주고 있는 무대이다. 전통과 현대가 뒤섞여가는 어지러운 통영 바닥. 그 속에서 방황하고 좌절하는 인간 군상들을 통해 우리는 현대인의 단면을 발견하게 된다. 급변하는 세상 뒤에 남겨진 구세대의 모습, 욕망과 금기의 충돌 속에서 좌절하는 젊은이들, 그리고 이상과 현실의 간극에서 오는 허무는 소설 속에서 끝나는 것이 아닌 현대를 사는 모든 이들의 비극이다.

그 모든 비극 끝에서 작가는 우리에게 한줄기 희망을 보여준다. 그것은 비극으로 끝나는 삶 속에서도 생은 계속되어야 한다는 인간에 대한 믿음이며 우리 시대의 화두인 것이다.",http://www.aladin.co.kr/shop/wproduct.aspx?ItemId=25238677&amp;partner=openAPI&amp;start=api
카인의 후예,황순원,https://image.aladin.co.kr/product/62/13/cover500/8932016690_2.jpg,"책소개
소설가 황순원이 한국전쟁에 관해 쓴 장.단편소설들을 묶은 책이다. '카인의 후예'는 1953년부터 「문예」지에 연재했던 작품으로, 1950년대 한국문학의 대표작으로 꼽힌다. 1960년 「사상계」에 연재했던 '나무들 비탈에 서다'는 이듬해 예술원상을 수상했다. 또한 이 작품을 평한 백철과 더불어 작가의 의식과 시대상의 반영에 관한 두 차례의 유명한 논쟁을 촉발하게 했다. 문학과지성사 한국문학전집의 스물세 번째 권.

우리 문학사의 주옥같은 작품을 한자리에 모은 한국문학전집은 작가별로 편차를 두어 목록을 기획했다. 작가의 대표작을 중심으로 구성하되 대표작으로 인정되는 작품들과 숨겨진 수작들도 다양하게 실었다. 또한 작품의 원본을 토대로 연재본과 다른 판본과의 대조로 오류를 수정했다.

각 작가의 전공자들인 책임 편집자들이 충실한 낱말 풀이와 해설, 주석을 통해 작품에 대한 길잡이를 제공한다. 맞춤법과 띄어쓰기의 변환 작업에는 가급적 현대어 표기를 적용시켰고, 저작권 관련 사항도 정식 계약을 체결하여 진행했다.",http://www.aladin.co.kr/shop/wproduct.aspx?ItemId=621361&amp;partner=openAPI&amp;start=api
날개,이상,https://image.aladin.co.kr/product/55/72/cover500/893201597x_1.jpg,"책소개
'천재'와 '광인'이라는 꼬리표와 함께 전위적이고 해체적인 글쓰기로 한국의 모더니즘 문학사를 개척한 작가 이상. 1930년부터 1939년까지 발표된 그의 소설 중 11편을 선별해 실었다. 자유연상, 자동기술, 내적 독백 등의 실험적 구성과 문체로 식민지 근대와 그것에 촉발된 당대인의 내면을 예리하게 포착해낸 문제작들을 만날 수 있다. 문학과 지성사 한국문학전집의 열여섯 번째 권으로 출간되었다.

우리 문학사의 주옥같은 작품을 한자리에 모은 한국문학전집은 작가별로 편차를 두어 목록을 기획했다. 작가의 대표작을 중심으로 구성하되 대표작으로 인정되는 작품들과 숨겨진 수작들도 다양하게 실었다. 또한 작품의 원본을 토대로 연재본과 다른 판본과의 대조로 오류를 수정했다.

각 작가의 전공자들인 책임 편집자들이 충실한 낱말 풀이와 해설, 주석을 통해 작품에 대한 길잡이를 제공한다. 맞춤법과 띄어쓰기의 변환 작업에는 가급적 현대어 표기를 적용시켰고, 저작권 관련 사항도 정식 계약을 체결하여 진행했다.",http://www.aladin.co.kr/shop/wproduct.aspx?ItemId=557255&amp;partner=openAPI&amp;start=api
생의 이면,이승우,https://image.aladin.co.kr/product/2363/74/cover500/8974564696_1.jpg,"책소개
종교적인 사유와, 인간에 대한 이해와 성찰이라는 진지한 주제로 독특한 소설영역을 확보하고 있는 이승우의 제1회 대산문학상 수상작. 다섯 편의 중편소설을 연작형태로 구성한 <생의 이면>은 소설가로서 화자인 '나'가 다른 한 소설가를 추적하여 그 삶을 재구성하는 평전체란 특이한 형식의 자전적 요소가 짙은 작품이다.

'그를 이해하기 위하여' '지상의 양식' '낯익은 결말' '연보를 완성하기 위하여1, 2' 등 5편의 연작형식으로 되어 있다. 소설가로서 화자인 '나'가 H 출판사의 기획 시리즈인 '작가탐구'의 필자로서 소설가 박부길과 여러 차례의 인터뷰 내용을 기반으로 그의 작품들과 박부길의 의식 안쪽에 단단하게 붙어 있는 그의 삶과 문학을 지배해 온 흔적을 꼼꼼하게 추적하는 것으로 시작된다.

작가는 인간의 인격 이면에 숨어 있는 근원적인 실체가 인간을 성장케 한다는 믿음으로 이 소설을 썼다고 말했다. 저자는 어린 시절의 상처로 인해 폐쇄공포증을 가진 인물이 운명적인 사랑과 신에게로 나아감으로써 그 콤플렉스를 치유, 승화시키는 과정을 밀도 있게 그려내고 있다.",http://www.aladin.co.kr/shop/wproduct.aspx?ItemId=23637474&amp;partner=openAPI&amp;start=api
눈사람 자살 사건,최승호,https://image.aladin.co.kr/product/18638/43/cover500/k532635264_1.jpg,"책소개
독자들의 많은 사랑을 받았지만 절판되었던 최승호 선생의 우화집 『황금털 사자』가 제목을 변경해서 출간됐다. 우화집이라고 하였지만, 한 편 한 편을 들여다보면 우화(산문)라고 하기에는 오히려 시에 가깝다. 한 편 한 편 최승호 선생 특유의 시적 문장과 문체로 그려냈다.",http://www.aladin.co.kr/shop/wproduct.aspx?ItemId=186384394&amp;partner=openAPI&amp;start=api
드래곤 라자 세트 - 전8권,이영도,https://image.aladin.co.kr/product/310/40/cover500/8960172707_2.jpg,"책소개
<폴라리스 랩소디> <눈물을 마시는 새>의 작가 이영도의 판타지 소설. PC통신에 6개월간 연재된 작품으로, 국가 권력층의 암투와 몬스터들의 공격으로 거친 모험을 겪으며 17세의 소년 후치를 비롯한 주인공들이 드래곤 라자를 찾아가는 이야기다. 출간 10주년을 맞이하여 8권의 양장본으로 출간하였다.",http://www.aladin.co.kr/shop/wproduct.aspx?ItemId=3104098&amp;partner=openAPI&amp;start=api
감자,김동인,https://image.aladin.co.kr/product/53/3/cover500/8932015538_1.jpg,"책소개
우리 문학사의 주옥같은 작품을 한자리에 모은 한국문학전집이 발간되었다. 이번 전집은 문학사의 일반적인 평가를 참조하여 작가별로 편차를 두어 목록을 기획했으며, 각 작가의 대표작을 중심으로 구성하되 대표작으로 인정되는 작품들과 숨겨진 수작들도 다양하게 실었다. 또한 작품의 원본을 토대로 연재본과 다른 판본과의 대조로 오류를 수정했다.

각 작가의 전공자들인 책임 편집자들이 곁들인 낱말 풀이와 해설, 주석도 독자들에게 충실한 길잡이를 제공한다. 이밖에도 맞춤법과 띄어쓰기의 변환 작업에서 가급적 현대어 표기를 적용시켰으며, 저작권과 관련된 사항에서도 정식 계약을 체결하여 진행하였다.

한국문학전집의 첫 번째 권은 김동인의 단편선 <감자>. 극단적인 상황과 비극적 운명에 빠진 인물 군상들을 냉정하게 서술해낸 한국 근대 단편 문학의 선구자 김동인의 단편 12편을 수록했다. 인간과 환경에 대한 근대적 인식을 빼어난 문체와 서술로 형상화한 김동인의 빼어난 작품들을 만나볼 수 있다.",http://www.aladin.co.kr/shop/wproduct.aspx?ItemId=530329&amp;partner=openAPI&amp;start=api
토지 7,박경리,https://image.aladin.co.kr/product/1890/2/cover500/8960532479_1.jpg,"책소개
43년 만에 다시 태어나는 박경리의 <토지>. 이번 마로니에북스판 <토지>는 <토지> 출간 이후 43년 동안 연재와 출판을 거듭하며 와전되거나 훼손되었던 작가의 원래 의도를 복원한 판본이란 점에서 큰 의미를 지닌다.

마로니에북스는 토지 편찬위원회가 2002년부터 2012년 현재까지 정본작업을 진행한 정황을 토대로 토지 편찬위원회 교수진들과 함께 작가의 의도와 가장 가까운 토지를 출간하기 위해 연재본을 저본으로 한 작업을 진행하였다. 이 작업을 통해 작가 고유의 목소리를 살려낼 뿐만 아니라 여러 판본의 전권을 일일이 비교.검토하며 수정되지 않은 오류와 왜곡들도 바로잡았다.

<토지>는 한국문학사의 기념비적인 작품이다. 1969년에서 1994년까지 26년 동안 집필되었으며, 그 크기만 해도 200자 원고지 4만여 장에 이르는 방대한 분량이다. 구한말에서 일제 강점기를 거쳐 해방에 이르기까지의 무수한 역사적 사건과 민중들의 삶이 고스란히 <토지>에 담겨 있다. 한마디로 '소설로 쓴 한국근대사'라 할 수 있다.

<토지>에는 평사리의 대지주인 최참판댁의 흥망성쇠를 중심으로 동학혁명, 식민지시대, 해방에 이르기까지 우리 민족의 한 많은 근현대사가 폭넓게 그려져 있다.

당시 사회의 모든 계층을 아우르는 인물들과 반세기에 걸친 장대한 서사, 그리고 참다운 삶에 대한 끊임없는 탐구 등은 작가의 생생하고 아름다운 문체를 만나 한국문학에 큰 획을 그은 <토지>로 태어났다. 국내를 넘어 독일, 영국, 프랑스, 일본, 중국 등 국외로도 이름을 떨치고 있는 <토지>에 대한 재조명은 당연히 예정되어 있던 수순이라 하겠다.",http://www.aladin.co.kr/shop/wproduct.aspx?ItemId=18900253&amp;partner=openAPI&amp;start=api
혼불 2,최명희,https://image.aladin.co.kr/product/427/1/cover500/6000349358_1.jpg,"책소개
최명희의 대하소설. 1930년대 말, 전라도의 한 유서 깊은 문중에서 무너지는 종가를 지키며 치열하게 몸을 일으키는 종부 3대와, 천하고 남루한 상민들이 겪을 수밖에 없었던 애환에 대한 이야기이다. 소설은 종부 3대의 삶의 축, 강모와 강실의 비극적 사랑의 축, 자연 우주 인간사상의 3대축으로 이루어저 있다.

어두운 역사, 암울한 시절. 외형적으로는 국권을 잃고 일제의 탄압을 극심하게 받았지만, 내부적으로는 여전히 조선말의 정신구조와 문화를 지탱하고 있던 이중적 시대상황 속에서, 처참하게 부서지고, 상처받고, 뒤집히고, 고뇌하며, 한없이 몸부림치지만 아름다웠던 사람들의 삶을 형상화한 작품이다.

소복한 종부 청암부인은 시부의 상을 치르며, 조카 기채를 아들로 입양한다. 몰락해가던 종가를 홀로 일으키고, 아들 기채가 손자 강모도 생산하여 가문에 대를 이었으며 저수지축조의 대역사도 마치지만, 합방당한 나라는 사라지고, 창씨개명의 강요로 가문보전의 위기를 당한다.

손자 강모는 효원과의 혼인에 좌절하며, 소꿉동무 사촌 강실에 대한 애틋한 사랑으로 다가가지만, 이룰 수 없는 안타까움은 자포자기의 방관과 도피, 퇴폐적 낭만으로 자신을 내몰면서 방황한다. 버려진 고아로 태생이 천민인 춘복은 타고난 운명의 한계를 비관하면서, 신분을 바꾸고 뛰어넘을 수 있는 때를 기다리는데…",http://www.aladin.co.kr/shop/wproduct.aspx?ItemId=4270141&amp;partner=openAPI&amp;start=api
이별의 김포공항,박완서,https://image.aladin.co.kr/product/21436/51/cover500/8937429535_1.jpg,"책소개
20세기 한국 문단에서 뚜렷한 족적을 남기며 그의 이름 자체가 하나의 흐름이자 현상이 되었던 '작가 박완서'의 초기 작품을 엮은 <이별의 김포공항>이 '민음사 쏜살 문고'로 출간되었다. 이번 단편집에는 박완서 문학의 핵심 주제라 할 수 있는 '한국 전쟁의 비극, 중산층의 환상과 허위의식, 여성 문제'가 복합적으로 드러나 있는 작품들이 망라되어 있다.

자신의 청춘을 집어삼킨 전쟁과 뒤이어 거친 밀물처럼 찾아든 배금주의와 속물주의의 망령이, 여성이라는 상황을 어떻게 침윤하고 부식시키는지, 작가 박완서는 이들 작품 속에서 사납도록 차가운 언어로 거침없이 이야기한다. 시대적 비극과 개인의 운명을 그야말로 ""토해 내고 싶었다.""라고 언급한 작가의 회고대로 <이별의 김포공항> 속 작품들은, 박완서의 자서전이자 처참한 시대의 자화상이다.",http://www.aladin.co.kr/shop/wproduct.aspx?ItemId=214365131&amp;partner=openAPI&amp;start=api
부끄러움을 가르칩니다,박완서,https://image.aladin.co.kr/product/68/25/cover500/8954601936_3.jpg,"책소개
박완서의 단편소설 전집 제1권. 1971년 3월부터 1975년 6월까지 발표한 작품들을 실었다. 이 초기소설들에서는 부조리한 현실세계에 안주함으로써 더 큰 절망감에 빠지는 인물의 모습이 집중적으로 묘사된다. 6.25전쟁의 파괴성, 그후에 급속히 찾아온 산업화의 폐해에 맞서 싸우기에 한 개인의 힘은 너무나도 미소하다.

1999년 출간된 전집을 새로운 장정으로 다시 선보이는 개정판이다. 초판에는 빠져 있던 1998년 창작과비평사에서 나왔던 <너무도 쓸쓸한 당신>을 추가하여, 총 여섯 권으로 구성했다. 1971년 3월부터 1998년 11월까지 발표된 박완서의 단편소설들을 총망라했으며, 각각의 작품은 발표시기 순으로 나누어 실었다.

박완서는 평범하고 일상적인 소재에 탁월한 서사적 리듬과 입체적인 의미를 부여한다. 작가가 매 작품마다 선보여온 이러한 결실은, 우리 문학사에서 그 유례가 없을 만큼 풍요로운 언어의 보고를 쌓아 올리는 원동력이 되어왔다.",http://www.aladin.co.kr/shop/wproduct.aspx?ItemId=682559&amp;partner=openAPI&amp;start=api
토지 10,박경리,https://image.aladin.co.kr/product/1890/78/cover500/8960532509_1.jpg,"책소개
43년 만에 다시 태어나는 박경리의 <토지>. 이번 마로니에북스판 <토지>는 <토지> 출간 이후 43년 동안 연재와 출판을 거듭하며 와전되거나 훼손되었던 작가의 원래 의도를 복원한 판본이란 점에서 큰 의미를 지닌다.

마로니에북스는 토지 편찬위원회가 2002년부터 2012년 현재까지 정본작업을 진행한 정황을 토대로 토지 편찬위원회 교수진들과 함께 작가의 의도와 가장 가까운 토지를 출간하기 위해 연재본을 저본으로 한 작업을 진행하였다. 이 작업을 통해 작가 고유의 목소리를 살려낼 뿐만 아니라 여러 판본의 전권을 일일이 비교.검토하며 수정되지 않은 오류와 왜곡들도 바로잡았다.

<토지>는 한국문학사의 기념비적인 작품이다. 1969년에서 1994년까지 26년 동안 집필되었으며, 그 크기만 해도 200자 원고지 4만여 장에 이르는 방대한 분량이다. 구한말에서 일제 강점기를 거쳐 해방에 이르기까지의 무수한 역사적 사건과 민중들의 삶이 고스란히 <토지>에 담겨 있다. 한마디로 '소설로 쓴 한국근대사'라 할 수 있다.

<토지>에는 평사리의 대지주인 최참판댁의 흥망성쇠를 중심으로 동학혁명, 식민지시대, 해방에 이르기까지 우리 민족의 한 많은 근현대사가 폭넓게 그려져 있다.

당시 사회의 모든 계층을 아우르는 인물들과 반세기에 걸친 장대한 서사, 그리고 참다운 삶에 대한 끊임없는 탐구 등은 작가의 생생하고 아름다운 문체를 만나 한국문학에 큰 획을 그은 <토지>로 태어났다. 국내를 넘어 독일, 영국, 프랑스, 일본, 중국 등 국외로도 이름을 떨치고 있는 <토지>에 대한 재조명은 당연히 예정되어 있던 수순이라 하겠다.",http://www.aladin.co.kr/shop/wproduct.aspx?ItemId=18907882&amp;partner=openAPI&amp;start=api
토지 16,박경리,https://image.aladin.co.kr/product/1890/95/cover500/8960532568_1.jpg,"책소개
43년 만에 다시 태어나는 박경리의 <토지>. 이번 마로니에북스판 <토지>는 <토지> 출간 이후 43년 동안 연재와 출판을 거듭하며 와전되거나 훼손되었던 작가의 원래 의도를 복원한 판본이란 점에서 큰 의미를 지닌다.

마로니에북스는 토지 편찬위원회가 2002년부터 2012년 현재까지 정본작업을 진행한 정황을 토대로 토지 편찬위원회 교수진들과 함께 작가의 의도와 가장 가까운 토지를 출간하기 위해 연재본을 저본으로 한 작업을 진행하였다. 이 작업을 통해 작가 고유의 목소리를 살려낼 뿐만 아니라 여러 판본의 전권을 일일이 비교.검토하며 수정되지 않은 오류와 왜곡들도 바로잡았다.

<토지>는 한국문학사의 기념비적인 작품이다. 1969년에서 1994년까지 26년 동안 집필되었으며, 그 크기만 해도 200자 원고지 4만여 장에 이르는 방대한 분량이다. 구한말에서 일제 강점기를 거쳐 해방에 이르기까지의 무수한 역사적 사건과 민중들의 삶이 고스란히 <토지>에 담겨 있다. 한마디로 '소설로 쓴 한국근대사'라 할 수 있다.

<토지>에는 평사리의 대지주인 최참판댁의 흥망성쇠를 중심으로 동학혁명, 식민지시대, 해방에 이르기까지 우리 민족의 한 많은 근현대사가 폭넓게 그려져 있다.

당시 사회의 모든 계층을 아우르는 인물들과 반세기에 걸친 장대한 서사, 그리고 참다운 삶에 대한 끊임없는 탐구 등은 작가의 생생하고 아름다운 문체를 만나 한국문학에 큰 획을 그은 <토지>로 태어났다. 국내를 넘어 독일, 영국, 프랑스, 일본, 중국 등 국외로도 이름을 떨치고 있는 <토지>에 대한 재조명은 당연히 예정되어 있던 수순이라 하겠다.",http://www.aladin.co.kr/shop/wproduct.aspx?ItemId=18909573&amp;partner=openAPI&amp;start=api
회색인,최인훈,https://image.aladin.co.kr/product/281/46/cover500/8932019169_1.jpg,"책소개
최인훈 전집 2권. 전망이 닫힌 시대의 존재론적 고뇌를 그린 장편소설이다. 1958년 가을에서 1959년 여름을 배경으로 한다. 작가 최인훈은 이 작품을 통해 작가, 혹은 한국의 현실과 역사에 깊은 성찰과 반성을 거듭하는 지식인으로서의 주인공 독고준의 끊임없는 회의, 고뇌, 탐구를 이야기한다.",http://www.aladin.co.kr/shop/wproduct.aspx?ItemId=2814679&amp;partner=openAPI&amp;start=api
벌레 이야기 (반양장),이청준,https://image.aladin.co.kr/product/3408/68/cover500/8932021007_1.jpg,"책소개
'문학과지성사 이청준 전집' 20권. 20권의 표제작 '벌레 이야기'는 어린 아들이 유괴되어 살해되자 그 어머니가 교회를 찾아가 마음의 위안과 평화를 얻어 붙잡힌 범인을 용서하려 하지만, 이미 사형언도까지 받은 범인이 먼저 신앙적 구원과 사랑 속에 마음이 평화로워져 있음에 절망하여 도리어 자살을 하고 마는 이야기이다.

이창동 감독이 연출하고 전도연 송강호가 주연한 영화 [밀양](2007)의 원작소설로도 유명한 이 작품은, 1981년 당시 세상을 떠들썩하게 했던 이윤상 군 유괴살인사건을 실제 모델로 하고 있다.

이청준은 사랑과 화해라는 정신적 덕목을 종교적 신성성(신/ 믿음)에 빗대어 다루면서도, 한편으로 사회 정화와 국가 질서를 강조하는 신군부 체제의 집권을 정당화하는 논리가 팽배했던 80년 당시의 시대 배경 속에서, 더 큰 범죄의 가해자가 또 다른 가해자와 피해자를 용서하거나 단죄하고 위로함으로써 근본적이고 구조적인 폭력이 은폐되어버리는 기묘한 담론 질서를 비판하고 있다.

이번 전집에 실린, 1985년부터 1987년 봄 무렵까지 3년여에 걸쳐 발표한 중단편 10편을 통해 작가는, 5공화국의 기묘한 담론 질서와 그 집권 세력인 신군부 체제는 물론이고 1985년 무렵의 끔찍한 모더니티 일반을 겨냥해 비판하고 있다. 그의 소설에 등장하는 하나의 서사 속에 중첩된 주인공의 시간과 작가의 시간을 동시에 살펴봐야 하는 이유가 여기에 있다.",http://www.aladin.co.kr/shop/wproduct.aspx?ItemId=34086849&amp;partner=openAPI&amp;start=api
